
DROP TABLE IF EXISTS `tbl_division`;
CREATE TABLE IF NOT EXISTS `tbl_division` (
  `id` INTEGER NOT NULL PRIMARY KEY AUTOINCREMENT,
  `division_code` varchar(4) NOT NULL,
  `division_name_bng` varchar(15) NOT NULL,
  `division_name_eng` varchar(12) NOT NULL,
  `sort_by` int(11) NOT NULL
);

DELETE FROM `tbl_division`;
INSERT INTO `tbl_division` (`id`, `division_code`, `division_name_bng`, `division_name_eng`, `sort_by`) VALUES
(0, '0', 'n\\a', 'n\\a', 0),
(1, '60', 'সিলেট', 'SYLHET', 1),
(2, '55', 'রংপুর', 'RANGPUR', 2),
(3, '50', 'রাজশাহী', 'RAJSHAHI', 3),
(4, '40', 'খুলনা', 'KHULNA', 4),
(5, '20', 'চট্টগ্রাম', 'CHITTAGONG', 5),
(6, '10', 'বরিশাল', 'BARISAL', 6),
(8, '30', 'ঢাকা', 'Dhaka', 7),
(9, 'DMA', 'ডিএমএ', 'DMA', 10),
(10, 'CMA', 'সিএমএ', 'CMA', 11),
(11, '25', 'কুমিল্লা', 'Comilla', 0),
(12, '12', 'ময়মনসিংহ', 'Mymensingh', 0);

DROP TABLE IF EXISTS `tbl_thana`;
CREATE TABLE IF NOT EXISTS `tbl_thana` (
  `id` INTEGER NOT NULL PRIMARY KEY AUTOINCREMENT,
  `division_id` int(4) NOT NULL,
  `unit_id` int(4) NOT NULL,
  `unit_code` int(11) NOT NULL,
  `thana_code` varchar(100) NOT NULL,
  `thana_name_eng` varchar(50) DEFAULT NULL,
  `thana_name_bng` varchar(100) DEFAULT NULL,
  `updated_at` timestamp NOT NULL DEFAULT CURRENT_TIMESTAMP,
  `created_at` timestamp NOT NULL DEFAULT '0000-00-00 00:00:00'
);

DELETE FROM `tbl_thana`;
INSERT INTO `tbl_thana` (`id`, `division_id`, `unit_id`, `unit_code`, `thana_code`, `thana_name_eng`, `thana_name_bng`, `updated_at`, `created_at`) VALUES
(0, 0, 0, 0, '3434', 'Not given', 'অপ্রাপ্ত থানা', '2016-11-07 14:05:54', '0000-00-00 00:00:00'),
(1, 5, 2, 3, '91', 'RUMA', 'রুমা', '2015-12-08 10:11:28', '0000-00-00 00:00:00'),
(2, 6, 52, 79, '76', 'NAZIRPUR', 'নাজিরপুর', '2015-12-08 10:11:28', '0000-00-00 00:00:00'),
(3, 6, 52, 79, '80', 'PIROJPUR SADAR', 'সদর', '2015-12-08 10:11:28', '0000-00-00 00:00:00'),
(4, 6, 52, 79, '87', 'NESARABAD (SWARUPKATI)', 'নেছারাবাদ', '2015-12-08 10:11:28', '0000-00-00 00:00:00'),
(5, 6, 52, 79, '90', 'ZIANAGAR', 'জিয়ানগর', '2015-12-08 10:11:28', '0000-00-00 00:00:00'),
(7, 8, 13, 26, '5', 'BANGSHAL', 'বংশাল', '2015-12-08 10:11:28', '0000-00-00 00:00:00'),
(8, 8, 13, 26, '6', 'BIMAN BANDAR', 'বিমানবন্দর', '2015-12-08 10:11:28', '0000-00-00 00:00:00'),
(9, 8, 13, 26, '9', 'CHAK BAZAR', 'চকবাজার', '2015-12-08 10:11:28', '0000-00-00 00:00:00'),
(10, 8, 13, 26, '10', 'DAKSHINKHAN', 'দক্ষিণখান', '2015-12-08 10:11:28', '0000-00-00 00:00:00'),
(11, 8, 13, 26, '11', 'DARUS SALAM', 'দারুসসালাম', '2015-12-08 10:11:28', '0000-00-00 00:00:00'),
(12, 8, 63, 93, '9', 'BASAIL', 'বাসাইল', '2015-12-08 10:11:28', '0000-00-00 00:00:00'),
(13, 8, 63, 93, '28', 'GHATAIL', 'ঘাটাইল', '2015-12-08 10:11:28', '0000-00-00 00:00:00'),
(14, 6, 5, 9, '54', 'Lalmohan', 'লালমোহন', '2018-04-02 09:08:14', '0000-00-00 00:00:00'),
(15, 8, 33, 54, '40', 'KALKINI', 'কালকিনি', '2016-10-20 10:59:02', '0000-00-00 00:00:00'),
(17, 5, 9, 15, '20', 'Chittagong Port', 'বন্দর', '2015-12-08 10:11:29', '0000-00-00 00:00:00'),
(18, 5, 9, 15, '65', 'PATENGA', 'পতেঙ্গা', '2015-12-08 10:11:29', '0000-00-00 00:00:00'),
(19, 5, 9, 15, '55', 'PAHARTALI', 'পাহাড়তলী', '2015-12-08 10:11:29', '0000-00-00 00:00:00'),
(20, 5, 9, 15, '47', 'LOHAGARA', 'লোহাগাড়া', '2015-12-08 10:11:29', '0000-00-00 00:00:00'),
(21, 8, 42, 67, '2', 'ARAIHAZAR', 'আড়াইহাজার', '2015-12-08 10:11:29', '0000-00-00 00:00:00'),
(22, 8, 35, 56, '46', 'MANIKGANJ SADAR', 'সদর ', '2015-12-08 10:11:29', '0000-00-00 00:00:00'),
(23, 8, 35, 56, '78', 'SHIBALAYA', 'শিবালয়', '2015-12-08 10:11:29', '0000-00-00 00:00:00'),
(24, 8, 35, 56, '70', 'SATURIA', 'সাটুরিয়া', '2015-12-08 10:11:29', '0000-00-00 00:00:00'),
(25, 2, 29, 49, '18', 'PHULBARI', 'ফুলবাড়ী', '2015-12-08 10:11:29', '0000-00-00 00:00:00'),
(26, 2, 29, 49, '61', 'NAGESHWARI', 'নাগেশ্বরী', '2015-12-08 10:11:29', '0000-00-00 00:00:00'),
(27, 8, 42, 67, '69', 'FATULLA', 'ফতুল্লা', '2015-12-08 10:11:29', '0000-00-00 00:00:00'),
(28, 8, 42, 67, '70', 'SHIDDHIRGANJ', 'সিদ্ধিরগঞ্জ', '2015-12-08 10:11:29', '0000-00-00 00:00:00'),
(29, 8, 18, 33, '87', 'TONGI', 'টঙ্গী ', '2015-12-08 10:11:29', '0000-00-00 00:00:00'),
(30, 6, 4, 6, '3', 'BABUGANJ', 'বাবুগঞ্জ', '2015-12-08 10:11:29', '0000-00-00 00:00:00'),
(31, 6, 4, 6, '32', 'GAURNADI', 'গৌরনদী', '2015-12-08 10:11:30', '0000-00-00 00:00:00'),
(34, 2, 29, 49, '9', 'CHILMARI', 'চিলমারী', '2015-12-08 10:11:30', '0000-00-00 00:00:00'),
(35, 2, 29, 49, '77', 'RAJARHAT', 'রাজাহাট', '2015-12-08 10:11:30', '0000-00-00 00:00:00'),
(36, 2, 47, 73, '12', 'DIMLA', 'ডিমলা', '2015-12-08 10:11:30', '0000-00-00 00:00:00'),
(37, 2, 47, 73, '15', 'DOMAR', 'ডোমার', '2015-12-08 10:11:30', '0000-00-00 00:00:00'),
(38, 2, 47, 73, '36', 'JALDHAKA', 'জলঢাকা', '2015-12-08 10:11:30', '0000-00-00 00:00:00'),
(39, 2, 47, 73, '45', 'KISHOREGANJ', 'কিশোরগঞ্জ', '2015-12-08 10:11:30', '0000-00-00 00:00:00'),
(40, 2, 47, 73, '85', 'SAIDPUR', 'সৈয়দপুর', '2015-12-08 10:11:30', '0000-00-00 00:00:00'),
(41, 2, 14, 27, '10', 'BIRAMPUR', 'বিরামপুর', '2015-12-08 10:11:30', '0000-00-00 00:00:00'),
(42, 2, 14, 27, '60', 'KHANSAMA', 'খানসামা', '2015-12-08 10:11:30', '0000-00-00 00:00:00'),
(43, 2, 14, 27, '64', 'DINAJPUR SADAR', 'সদর', '2015-12-08 10:11:30', '0000-00-00 00:00:00'),
(44, 2, 14, 27, '69', 'NABABGANJ', 'নবাবগঞ্জ', '2016-11-27 09:12:37', '0000-00-00 00:00:00'),
(45, 2, 14, 27, '77', 'PARBATIPUR', 'পার্বতীপুর', '2016-10-29 10:04:27', '0000-00-00 00:00:00'),
(46, 6, 5, 9, '18', 'BHOLA SADAR', 'ভোলা সদর', '2016-01-28 08:55:15', '0000-00-00 00:00:00'),
(47, 6, 5, 9, '21', 'BURHANUDDIN', 'বোরহানউদ্দিন', '2015-12-08 10:11:30', '0000-00-00 00:00:00'),
(48, 6, 5, 9, '25', 'CHAR FASSON', 'চরফ্যাশন', '2015-12-08 10:11:30', '0000-00-00 00:00:00'),
(49, 6, 5, 9, '29', 'DAULAT KHAN', 'দৌলতখান', '2015-12-08 10:11:30', '0000-00-00 00:00:00'),
(51, 6, 5, 9, '65', 'MANPURA', 'মনপুরা', '2015-12-08 10:11:31', '0000-00-00 00:00:00'),
(52, 6, 5, 9, '91', 'TAZUMUDDIN', 'তজুমুদ্দিন', '2015-12-08 10:11:31', '0000-00-00 00:00:00'),
(53, 6, 24, 42, '40', 'JHALOKATI SADAR', 'সদর', '2016-10-20 10:52:50', '0000-00-00 00:00:00'),
(54, 6, 24, 42, '43', 'KANTHALIA', 'কাঁঠালিয়া', '2016-10-20 10:52:50', '0000-00-00 00:00:00'),
(55, 6, 24, 42, '73', 'NALCHITY', 'নলছিটি', '2016-10-20 10:52:50', '0000-00-00 00:00:00'),
(56, 8, 13, 26, '24', 'GENDARIA', 'গেন্ডারিয়া', '2015-12-08 10:11:31', '0000-00-00 00:00:00'),
(57, 9, 67, 106, '28', 'HAZARIBAGH', 'হাজারীবাগ', '2016-11-22 06:56:38', '0000-00-00 00:00:00'),
(58, 8, 13, 26, '29', 'JATRABARI', 'যাত্রাবাড়ী', '2015-12-08 10:11:31', '0000-00-00 00:00:00'),
(59, 8, 13, 26, '32', 'KADAMTALI', 'কদমতলী', '2015-12-08 10:11:31', '0000-00-00 00:00:00'),
(60, 8, 13, 26, '33', 'KALABAGAN', 'কলাবাগান', '2015-12-08 10:11:31', '0000-00-00 00:00:00'),
(61, 9, 67, 106, '34', 'KAMRANGIR CHAR', 'কামরাঙ্গিরচর', '2016-11-22 06:57:03', '0000-00-00 00:00:00'),
(62, 9, 68, 107, '36', 'KHILGAON', 'খিলগাঁও', '2016-11-22 06:58:07', '0000-00-00 00:00:00'),
(63, 8, 13, 26, '37', 'KHILKHET', 'খিলক্ষেত', '2015-12-08 10:11:31', '0000-00-00 00:00:00'),
(64, 8, 13, 26, '63', 'NEW MARKET', 'নিউ মার্কেট', '2015-12-08 10:11:31', '0000-00-00 00:00:00'),
(66, 8, 13, 26, '74', 'SHAH ALI', 'শাহ আলী', '2015-12-08 10:11:31', '0000-00-00 00:00:00'),
(67, 8, 13, 26, '80', 'SHER-E-BANGLA NAGAR', 'শের এ বাংলা নগর', '2015-12-08 10:11:31', '0000-00-00 00:00:00'),
(68, 8, 13, 26, '92', 'TEJGAON IND. AREA', 'তেজগাঁও শিল্প এলাকা', '2015-12-08 10:11:31', '0000-00-00 00:00:00'),
(69, 8, 13, 26, '93', 'TURAG', 'তুরাগ', '2015-12-08 10:11:31', '0000-00-00 00:00:00'),
(70, 8, 13, 26, '96', 'UTTAR KHAN', 'উত্তরখান', '2015-12-08 10:11:32', '0000-00-00 00:00:00'),
(71, 5, 9, 15, '6', 'BAYEJID BOSTAMI', 'বায়েজিদ', '2015-12-08 10:11:32', '0000-00-00 00:00:00'),
(72, 5, 9, 15, '19', 'CHANDGAON', 'চান্দগাঁও', '2015-12-08 10:11:32', '0000-00-00 00:00:00'),
(73, 5, 9, 15, '86', 'SITAKUNDA', 'সীতাকুন্ড', '2015-12-08 10:11:32', '0000-00-00 00:00:00'),
(74, 6, 3, 4, '28', 'BARGUNA SADAR', 'সদর', '2015-12-08 10:11:32', '0000-00-00 00:00:00'),
(75, 6, 3, 4, '9', 'AMTALI', 'আমতলী', '2015-12-08 10:11:32', '0000-00-00 00:00:00'),
(76, 6, 3, 4, '85', 'PATHARGHATA', 'পাথরঘাট', '2015-12-08 10:11:32', '0000-00-00 00:00:00'),
(77, 6, 3, 4, '47', 'BETAGI', 'বেতগী', '2015-12-08 10:11:32', '0000-00-00 00:00:00'),
(78, 6, 3, 4, '19', 'BAMNA', 'বামনা', '2015-12-08 10:11:32', '0000-00-00 00:00:00'),
(79, 5, 2, 3, '4', 'ALIKADAM', 'আলীকদম', '2015-12-08 10:11:32', '0000-00-00 00:00:00'),
(80, 5, 2, 3, '14', 'BANDARBAN SADAR', 'সদর', '2015-12-08 10:11:32', '0000-00-00 00:00:00'),
(81, 5, 2, 3, '51', 'LAMA', 'লামা', '2015-12-08 10:11:32', '0000-00-00 00:00:00'),
(82, 5, 55, 84, '87', 'RANGAMATI SADAR', 'সদর', '2015-12-08 10:11:32', '0000-00-00 00:00:00'),
(83, 8, 15, 29, '56', 'MADHUKHALI', 'মধুখালী', '2015-12-08 10:11:32', '0000-00-00 00:00:00'),
(84, 5, 55, 84, '36', 'KAPTAI', 'কাপ্তাই', '2015-12-08 10:11:32', '0000-00-00 00:00:00'),
(85, 12, 60, 89, '67', 'NAKLA', 'নকলা', '2016-11-22 06:31:45', '0000-00-00 00:00:00'),
(86, 8, 15, 29, '21', 'CHAR BHADRASAN', 'চরভদ্রাচর', '2015-12-08 10:11:33', '0000-00-00 00:00:00'),
(87, 4, 1, 1, '8', 'BAGERHAT SADAR', 'সদর ', '2016-10-29 06:48:28', '0000-00-00 00:00:00'),
(88, 4, 1, 1, '58', 'MONGLA', 'মংলা', '2015-12-08 10:11:33', '0000-00-00 00:00:00'),
(89, 4, 1, 1, '73', 'RAMPAL', 'রামপাল', '2015-12-08 10:11:33', '0000-00-00 00:00:00'),
(91, 12, 60, 89, '37', 'JHENAIGATI', 'ঝিনাইগাতী', '2016-11-22 06:31:45', '0000-00-00 00:00:00'),
(92, 4, 1, 1, '60', 'MORRELGANJ', 'মোড়েলগঞ্জ', '2015-12-08 10:11:33', '0000-00-00 00:00:00'),
(93, 4, 1, 1, '34', 'FAKIRHAT', 'ফকিরহাট', '2015-12-08 10:11:33', '0000-00-00 00:00:00'),
(94, 4, 1, 1, '77', 'SARANKHOLA', 'শরণখোলা', '2015-12-08 10:11:33', '0000-00-00 00:00:00'),
(95, 12, 60, 89, '90', 'SREEBARDI', 'শ্রীবরদী', '2016-11-22 06:31:45', '0000-00-00 00:00:00'),
(96, 12, 60, 89, '70', 'NALITABARI', 'নালিতাবাড়ী', '2016-11-22 06:31:45', '0000-00-00 00:00:00'),
(97, 8, 28, 48, '49', 'KISHOREGANJ SADAR', 'সদর', '2016-10-20 10:57:46', '0000-00-00 00:00:00'),
(100, 4, 34, 55, '57', 'MAGURA SADAR', 'সদর', '2015-12-08 10:11:33', '0000-00-00 00:00:00'),
(102, 4, 1, 1, '14', 'CHITALMARI', 'চিতলমারী', '2015-12-08 10:11:33', '0000-00-00 00:00:00'),
(103, 4, 34, 55, '66', 'MOHAMMADPUR', 'মহম্মদপুর', '2016-11-06 10:37:27', '0000-00-00 00:00:00'),
(107, 1, 62, 91, '27', 'Companiganj', 'কোম্পানীগঞ্জ ', '2018-04-02 12:27:02', '0000-00-00 00:00:00'),
(108, 1, 62, 91, '53', 'JAINTIAPUR', 'জৈন্তাপুর', '2015-12-08 10:11:34', '0000-00-00 00:00:00'),
(109, 1, 62, 91, '38', 'GOLAPGANJ', 'গোপালগঞ্জ', '2015-12-31 12:16:45', '0000-00-00 00:00:00'),
(110, 1, 62, 91, '17', 'BEANI BAZAR', 'বিয়ানী বাজার', '2015-12-31 12:18:20', '0000-00-00 00:00:00'),
(111, 1, 62, 91, '35', 'FENCHUGANJ', 'ফেঞ্চুগঞ্জ', '2015-12-08 10:11:34', '0000-00-00 00:00:00'),
(112, 1, 62, 91, '8', 'BALAGANJ', 'বালাগঞ্জ', '2015-12-08 10:11:34', '0000-00-00 00:00:00'),
(113, 2, 17, 32, '67', 'PALASHBARI', 'পলাশবাড়ী', '2015-12-08 10:11:34', '0000-00-00 00:00:00'),
(114, 3, 59, 88, '78', 'SIRAJGANJ SADAR', 'সদর', '2016-10-20 10:54:31', '0000-00-00 00:00:00'),
(115, 3, 59, 88, '67', 'SHAHJADPUR', 'শাহজাদপুর', '2016-10-20 10:54:31', '0000-00-00 00:00:00'),
(116, 3, 59, 88, '44', 'KAMARKHANDA', 'কামারখন্দ', '2016-10-20 10:54:31', '0000-00-00 00:00:00'),
(117, 3, 59, 88, '94', 'ULLAH PARA', 'উল্লাপাড়া', '2016-10-20 10:54:31', '0000-00-00 00:00:00'),
(118, 3, 59, 88, '50', 'KAZIPUR', 'কাজিপুর', '2016-10-20 10:54:31', '0000-00-00 00:00:00'),
(119, 2, 29, 49, '52', 'KURIGRAM SADAR', 'কুড়িগ্রাম সদর', '2015-12-08 10:11:34', '0000-00-00 00:00:00'),
(120, 3, 49, 76, '19', 'BHANGURA', 'ভাঙ্গুরা', '2015-12-08 10:11:34', '0000-00-00 00:00:00'),
(121, 3, 49, 76, '22', 'CHATMOHAR', 'চাটমোহর', '2015-12-08 10:11:34', '0000-00-00 00:00:00'),
(122, 3, 49, 76, '33', 'FARIDPUR', 'ফরিদপুর', '2015-12-08 10:11:34', '0000-00-00 00:00:00'),
(123, 3, 49, 76, '33', 'SUJANAGAR', 'সুজানগর', '2015-12-08 10:11:34', '0000-00-00 00:00:00'),
(124, 2, 56, 85, '76', 'PIRGANJ', 'পীরগঞ্জ', '2015-12-08 10:11:35', '0000-00-00 00:00:00'),
(125, 5, 9, 15, '57', 'PANCHLAISH', 'পাঁচলাইশ', '2015-12-08 10:11:35', '0000-00-00 00:00:00'),
(126, 5, 9, 15, '37', 'HATHAZARI', 'হাটহাজারী', '2015-12-08 10:11:35', '0000-00-00 00:00:00'),
(127, 5, 9, 15, '70', 'RANGUNIA', 'রাংগুনিয়া', '2015-12-08 10:11:35', '0000-00-00 00:00:00'),
(128, 5, 9, 15, '61', 'PATIYA', 'পটিয়া', '2015-12-08 10:11:35', '0000-00-00 00:00:00'),
(129, 5, 9, 15, '74', 'RAOZAN', 'রাউজান', '2015-12-08 10:11:35', '0000-00-00 00:00:00'),
(130, 5, 9, 15, '12', 'BOALKHALI', 'বোয়ালখালী', '2015-12-08 10:11:35', '0000-00-00 00:00:00'),
(131, 5, 9, 15, '78', 'SANDWIP', 'সন্দ্বীপ', '2015-12-08 10:11:35', '0000-00-00 00:00:00'),
(132, 5, 9, 15, '53', 'MIRSHARAI', 'মিরসরাই', '2015-12-08 10:11:35', '0000-00-00 00:00:00'),
(133, 5, 9, 15, '18', 'CHANDANAISH', 'চন্দনাইশ', '2015-12-08 10:11:35', '0000-00-00 00:00:00'),
(134, 5, 9, 15, '33', 'FATIKCHHARI', 'ফটিকছড়ি', '2015-12-08 10:11:35', '0000-00-00 00:00:00'),
(135, 5, 9, 15, '82', 'SATKANIA', 'সাতকানিয়া', '2015-12-08 10:11:35', '0000-00-00 00:00:00'),
(136, 5, 9, 15, '4', 'ANOWARA', 'আনোয়ারা', '2015-12-08 10:11:35', '0000-00-00 00:00:00'),
(137, 5, 9, 15, '8', 'BANSHKHALI', 'বাঁশখালী', '2015-12-08 10:11:35', '0000-00-00 00:00:00'),
(138, 11, 8, 13, '22', 'CHANDPUR SADAR', 'সদর', '2016-11-15 10:40:11', '0000-00-00 00:00:00'),
(139, 11, 8, 13, '49', 'HAJIGANJ', 'হাজীগঞ্জ', '2016-11-15 10:40:11', '0000-00-00 00:00:00'),
(140, 11, 8, 13, '58', 'KACHUA', 'কচুয়া', '2016-11-15 10:40:11', '0000-00-00 00:00:00'),
(141, 11, 8, 13, '95', 'SHAHRASTI', 'শাহরাস্তি', '2016-11-15 10:40:11', '0000-00-00 00:00:00'),
(142, 11, 8, 13, '47', 'HAIM CHAR', 'হাইমচর', '2016-11-15 10:40:11', '0000-00-00 00:00:00'),
(143, 3, 6, 10, '20', 'BOGRA SADAR', 'বগুড়া সদর', '2016-01-28 08:59:22', '0000-00-00 00:00:00'),
(144, 3, 6, 10, '6', 'ADAMDIGHI', 'আদমদিঘী', '2015-12-08 10:11:36', '0000-00-00 00:00:00'),
(145, 8, 19, 35, '32', 'GOPALGANJ SADAR', 'সদর', '2015-12-08 10:11:36', '0000-00-00 00:00:00'),
(146, 3, 6, 10, '94', 'SHIBGANJ', 'শিবগঞ্জ', '2015-12-08 10:11:36', '0000-00-00 00:00:00'),
(147, 3, 6, 10, '33', 'DHUPCHANCHIA', 'দুপচাঁচিয়া', '2015-12-08 10:11:36', '0000-00-00 00:00:00'),
(148, 3, 6, 10, '88', 'SHERPUR', 'শেরপুর', '2015-12-08 10:11:36', '0000-00-00 00:00:00'),
(149, 8, 19, 35, '43', 'KASHIANI', 'কাশিয়ানী', '2015-12-08 10:11:36', '0000-00-00 00:00:00'),
(150, 3, 6, 10, '85', 'SHAJAHANPUR', 'শাজাহানপুর', '2015-12-08 10:11:36', '0000-00-00 00:00:00'),
(151, 3, 6, 10, '40', 'GABTALI', 'গাবতলী', '2015-12-08 10:11:36', '0000-00-00 00:00:00'),
(152, 8, 19, 35, '58', 'MUKSUDPUR', 'মুকসুদপুর', '2015-12-08 10:11:36', '0000-00-00 00:00:00'),
(153, 8, 19, 35, '91', 'TUNGIPARA', 'টুংগীপাড়া', '2015-12-08 10:11:36', '0000-00-00 00:00:00'),
(154, 4, 10, 18, '31', 'DAMURHUDA', 'দামুড়হুদা', '2015-12-08 10:11:36', '0000-00-00 00:00:00'),
(155, 8, 19, 35, '51', 'KOTALIPARA', 'কোটালী পাড়া', '2015-12-08 10:11:36', '0000-00-00 00:00:00'),
(156, 4, 10, 18, '55', 'JIBAN NAGAR', 'জীবননগর', '2015-12-08 10:11:36', '0000-00-00 00:00:00'),
(157, 4, 10, 18, '7', 'ALAMDANGA', 'আলমডাংগা', '2015-12-08 10:11:36', '0000-00-00 00:00:00'),
(158, 11, 48, 75, '87', 'NOAKHALI SADAR', 'সদর', '2016-11-15 10:42:04', '0000-00-00 00:00:00'),
(159, 11, 48, 75, '7', 'BEGUMGANJ', 'বেগমগঞ্জ', '2016-11-15 10:42:04', '0000-00-00 00:00:00'),
(160, 11, 48, 75, '10', 'CHATKHIL', 'চাটখিল', '2016-11-15 10:42:04', '0000-00-00 00:00:00'),
(161, 2, 64, 94, '94', 'THAKURGAON SADAR', 'ঠাকুরগাঁও সদর', '2016-10-20 10:56:52', '0000-00-00 00:00:00'),
(162, 5, 9, 15, '28', 'DOUBLE MOORING', 'ডবলমুরিং', '2015-12-08 10:11:37', '0000-00-00 00:00:00'),
(163, 5, 9, 15, '41', 'KOTWALI', 'কোতয়ালী', '2015-12-08 10:11:37', '0000-00-00 00:00:00'),
(164, 4, 27, 47, '51', 'KHULNA SADAR', 'সদর', '2015-12-08 10:11:37', '0000-00-00 00:00:00'),
(165, 4, 27, 47, '85', 'SONADANGA', 'সোনডাংগা', '2015-12-08 10:11:37', '0000-00-00 00:00:00'),
(166, 4, 27, 47, '45', 'KHALISHPUR', 'খালিশপুর', '2015-12-08 10:11:37', '0000-00-00 00:00:00'),
(167, 12, 39, 61, '52', 'MYMENSINGH SADAR', 'সদর', '2016-11-22 06:30:53', '0000-00-00 00:00:00'),
(168, 4, 27, 47, '21', 'DAULATPUR', 'দৌলতপুর', '2015-12-08 10:11:37', '0000-00-00 00:00:00'),
(169, 12, 39, 61, '13', 'BHALUKA', 'ভালুকা', '2016-11-22 06:30:53', '0000-00-00 00:00:00'),
(170, 4, 27, 47, '48', 'KHAN JAHAN ALI', 'খানজাহান আলী', '2015-12-08 10:11:37', '0000-00-00 00:00:00'),
(171, 12, 39, 61, '65', 'MUKTAGACHHA', 'মুক্তাগাছা', '2016-11-28 06:28:53', '0000-00-00 00:00:00'),
(172, 4, 27, 47, '12', 'BATIAGHATA', 'বটিয়াঘাটা', '2015-12-08 10:11:37', '0000-00-00 00:00:00'),
(173, 8, 42, 67, '58', 'NARAYANGANJ SADAR', 'সদর', '2015-12-08 10:11:37', '0000-00-00 00:00:00'),
(174, 12, 39, 61, '20', 'FULBARIA', 'ফুলবাড়ীয়া', '2016-11-22 06:30:53', '0000-00-00 00:00:00'),
(175, 12, 39, 61, '94', 'TRISHAL', 'ত্রিশাল', '2016-11-22 06:30:53', '0000-00-00 00:00:00'),
(176, 4, 27, 47, '30', 'DUMURIA', 'ডুমুরিয়া', '2015-12-08 10:11:37', '0000-00-00 00:00:00'),
(177, 8, 42, 67, '6', 'BANDAR', 'বন্দর', '2015-12-08 10:11:38', '0000-00-00 00:00:00'),
(178, 12, 39, 61, '23', 'GAURIPUR', 'গৌরিপুর', '2016-11-22 06:30:53', '0000-00-00 00:00:00'),
(179, 8, 42, 67, '68', 'RUPGANJ', 'রূপগঞ্জ', '2015-12-08 10:11:38', '0000-00-00 00:00:00'),
(180, 12, 39, 61, '22', 'GAFFARGAON', 'গফরগাঁও', '2016-11-22 06:30:53', '0000-00-00 00:00:00'),
(181, 4, 27, 47, '53', 'KOYRA', 'কয়রা', '2015-12-08 10:11:38', '0000-00-00 00:00:00'),
(182, 12, 39, 61, '72', 'NANDAIL', 'নান্দাইল', '2016-11-22 06:30:53', '0000-00-00 00:00:00'),
(183, 12, 39, 61, '31', 'ISHWARGANJ', 'ইশ্বরগঞ্জ', '2016-11-22 06:30:53', '0000-00-00 00:00:00'),
(184, 4, 27, 47, '17', 'DACOPE', 'দাকোপ', '2015-12-08 10:11:38', '0000-00-00 00:00:00'),
(185, 12, 39, 61, '81', 'PHULPUR', 'ফুলপুর', '2016-11-22 06:30:53', '0000-00-00 00:00:00'),
(186, 12, 39, 61, '24', 'HALUAGHAT', 'হালুয়াঘাট', '2016-11-22 06:30:53', '0000-00-00 00:00:00'),
(187, 12, 39, 61, '16', 'DHOBAURA', 'ধোবাউড়া', '2016-11-22 06:30:53', '0000-00-00 00:00:00'),
(188, 8, 42, 67, '4', 'SONARGAON', 'সোনারগাঁও', '2015-12-08 10:11:39', '0000-00-00 00:00:00'),
(189, 3, 49, 76, '55', 'PABNA SADAR', 'সদর', '2015-12-08 10:11:39', '0000-00-00 00:00:00'),
(190, 3, 49, 76, '39', 'ISHWARDI', 'ঈশ্বরদী', '2015-12-08 10:11:39', '0000-00-00 00:00:00'),
(191, 3, 49, 76, '72', 'SANTHIA', 'সাঁথিয়া', '2015-12-08 10:11:39', '0000-00-00 00:00:00'),
(192, 3, 49, 76, '16', 'BERA', 'বেড়া', '2015-12-08 10:11:39', '0000-00-00 00:00:00'),
(193, 4, 23, 41, '47', 'JESSORE SADAR', 'সদর', '2015-12-08 10:11:39', '0000-00-00 00:00:00'),
(194, 3, 49, 76, '5', 'ATGHARIA', 'আটঘরিয়া', '2015-12-08 10:11:39', '0000-00-00 00:00:00'),
(195, 8, 15, 29, '47', 'FARIDPUR SADAR', 'সদর', '2015-12-08 10:11:39', '0000-00-00 00:00:00'),
(196, 2, 32, 52, '55', 'LALMONIRHAT SADAR', 'সদর', '2015-12-08 10:11:39', '0000-00-00 00:00:00'),
(197, 2, 32, 52, '33', 'HATIBANDHA', 'হাতীবান্ধা', '2015-12-08 10:11:39', '0000-00-00 00:00:00'),
(198, 2, 32, 52, '70', 'PATGRAM', 'পাটগ্রাম', '2015-12-08 10:11:39', '0000-00-00 00:00:00'),
(199, 8, 63, 93, '95', 'TANGAIL SADAR', 'সদর', '2015-12-08 10:11:39', '0000-00-00 00:00:00'),
(200, 8, 15, 29, '84', 'SADARPUR', 'সদরপুর', '2015-12-08 10:11:40', '0000-00-00 00:00:00'),
(201, 4, 23, 41, '4', 'ABHAYNAGAR', 'অভয়নগর', '2015-12-08 10:11:40', '0000-00-00 00:00:00'),
(202, 8, 63, 93, '57', 'MADHUPUR', 'মধুপুর', '2015-12-08 10:11:40', '0000-00-00 00:00:00'),
(203, 4, 23, 41, '61', 'MANIRAMPUR', 'মণিরামপুর', '2015-12-08 10:11:40', '0000-00-00 00:00:00'),
(204, 4, 23, 41, '11', 'CHAUGACHHA', 'চৌগাছা', '2015-12-08 10:11:40', '0000-00-00 00:00:00'),
(205, 8, 15, 29, '10', 'BHANGA', 'ভাংগা', '2015-12-08 10:11:40', '0000-00-00 00:00:00'),
(206, 4, 23, 41, '38', 'KESHABPUR', 'কেশবপুর', '2015-12-08 10:11:40', '0000-00-00 00:00:00'),
(207, 12, 22, 39, '36', 'JAMALPUR SADAR', 'সদর', '2016-11-22 06:30:30', '0000-00-00 00:00:00'),
(208, 4, 23, 41, '9', 'BAGHER PARA', 'বাঘারপাড়া', '2016-11-08 06:07:11', '0000-00-00 00:00:00'),
(209, 12, 22, 39, '61', 'MELANDAHA', 'মেলান্দহ', '2016-11-22 06:30:30', '0000-00-00 00:00:00'),
(210, 8, 15, 29, '62', 'NAGARKANDA', 'নগরকান্দা', '2015-12-08 10:11:40', '0000-00-00 00:00:00'),
(211, 12, 22, 39, '29', 'ISLAMPUR', 'ইসলামপুর', '2016-11-22 06:30:30', '0000-00-00 00:00:00'),
(212, 4, 23, 41, '90', 'SHARSHA', 'শার্শা', '2015-12-08 10:11:40', '0000-00-00 00:00:00'),
(213, 12, 22, 39, '85', 'SARISHABARI UPAZILA', 'সরিষাবাড়ী', '2016-11-22 06:30:30', '0000-00-00 00:00:00'),
(214, 4, 23, 41, '23', 'JHIKARGACHHA', 'ঝিকরগাছা', '2015-12-08 10:11:40', '0000-00-00 00:00:00'),
(215, 12, 22, 39, '15', 'DEWANGANJ', 'দেওয়ানগঞ্জ', '2016-11-22 06:30:30', '0000-00-00 00:00:00'),
(216, 4, 36, 57, '87', 'MEHERPUR SADAR', 'সদর', '2015-12-08 10:11:41', '0000-00-00 00:00:00'),
(217, 4, 36, 57, '47', 'GANGNI', 'গাংনী', '2015-12-08 10:11:41', '0000-00-00 00:00:00'),
(218, 8, 18, 33, '30', 'GAZIPUR SADAR', 'সদর', '2015-12-08 10:11:41', '0000-00-00 00:00:00'),
(219, 4, 58, 87, '82', 'SATKHIRA SADAR', 'সদর', '2015-12-08 10:11:41', '0000-00-00 00:00:00'),
(220, 8, 18, 33, '32', 'KALIAKAIR', 'কালিয়াকৈর', '2015-12-08 10:11:41', '0000-00-00 00:00:00'),
(221, 8, 18, 33, '86', 'SREEPUR', 'শ্রীপুর', '2015-12-08 10:11:41', '0000-00-00 00:00:00'),
(222, 4, 58, 87, '43', 'KALAROA', 'কলারোয়া', '2015-12-08 10:11:41', '0000-00-00 00:00:00'),
(223, 8, 18, 33, '34', 'KALIGANJ', 'কালিগঞ্জ', '2015-12-08 10:11:41', '0000-00-00 00:00:00'),
(224, 8, 18, 33, '36', 'KAPASIA', 'কাপাসিয়া', '2015-12-08 10:11:41', '0000-00-00 00:00:00'),
(225, 4, 58, 87, '47', 'KALIGANJ', 'কালিগঞ্জ', '2015-12-08 10:11:41', '0000-00-00 00:00:00'),
(226, 8, 33, 54, '54', 'MADARIPUR SADAR', 'সদর', '2016-10-20 10:59:02', '0000-00-00 00:00:00'),
(227, 4, 58, 87, '25', 'DEBHATA', 'দেবহাটা', '2015-12-08 10:11:41', '0000-00-00 00:00:00'),
(228, 8, 33, 54, '80', 'RAJOIR', 'রাজৈর', '2016-10-20 10:59:02', '0000-00-00 00:00:00'),
(229, 12, 60, 89, '88', 'SHERPUR SADAR', 'সদর', '2016-11-22 06:31:45', '0000-00-00 00:00:00'),
(230, 4, 58, 87, '90', 'TALA', 'তালা', '2015-12-08 10:11:41', '0000-00-00 00:00:00'),
(231, 8, 33, 54, '87', 'SHIB CHAR', 'শিবচর', '2016-10-20 10:59:02', '0000-00-00 00:00:00'),
(232, 8, 28, 48, '11', 'BHAIRAB', 'ভৈরব', '2016-10-20 10:57:46', '0000-00-00 00:00:00'),
(233, 8, 28, 48, '6', 'BAJITPUR', 'বাজিতপুর', '2016-10-20 10:57:46', '0000-00-00 00:00:00'),
(234, 4, 41, 65, '76', 'NARAIL SADAR', 'সদর', '2015-12-08 10:11:42', '0000-00-00 00:00:00'),
(235, 8, 28, 48, '79', 'PAKUNDIA', 'পাকুন্দিয়া', '2016-10-20 10:57:46', '0000-00-00 00:00:00'),
(236, 8, 28, 48, '54', 'KULIAR CHAR', 'কুলিয়ারচর', '2016-10-20 10:57:46', '0000-00-00 00:00:00'),
(237, 4, 41, 65, '52', 'LOHAGARA', 'লোহাগড়া', '2015-12-08 10:11:42', '0000-00-00 00:00:00'),
(238, 4, 41, 65, '28', 'KALIA', 'কালিয়া', '2015-12-08 10:11:42', '0000-00-00 00:00:00'),
(239, 4, 30, 50, '79', 'KUSHTIA SADAR', 'সদর', '2015-12-08 10:11:42', '0000-00-00 00:00:00'),
(240, 4, 30, 50, '15', 'BHERAMARA', 'ভেড়ামারা', '2015-12-08 10:11:42', '0000-00-00 00:00:00'),
(241, 4, 30, 50, '39', 'DAULATPUR', 'দৌলতপুর', '2015-12-08 10:11:42', '0000-00-00 00:00:00'),
(242, 4, 25, 44, '19', 'JHENAIDAH SADAR', 'সদর', '2015-12-08 10:11:42', '0000-00-00 00:00:00'),
(243, 4, 25, 44, '80', 'SHAILKUPA', 'শৈলকুপা', '2015-12-08 10:11:42', '0000-00-00 00:00:00'),
(244, 4, 25, 44, '33', 'KALIGANJ', 'কালিগঞ্জ', '2015-12-08 10:11:42', '0000-00-00 00:00:00'),
(245, 4, 25, 44, '71', 'MAHESHPUR', 'মহেশপুর', '2015-12-08 10:11:42', '0000-00-00 00:00:00'),
(246, 4, 25, 44, '42', 'KOTCHANDPUR', 'কোটচাঁদপুর', '2015-12-08 10:11:42', '0000-00-00 00:00:00'),
(247, 4, 25, 44, '14', 'HARINAKUNDA', 'হরিনাকুন্ড', '2015-12-08 10:11:42', '0000-00-00 00:00:00'),
(248, 1, 61, 90, '23', 'CHHATAK', 'ছাতক', '2015-12-08 10:11:42', '0000-00-00 00:00:00'),
(249, 2, 17, 32, '24', 'GAIBANDHA SADAR', 'সদর', '2015-12-08 10:11:42', '0000-00-00 00:00:00'),
(250, 2, 17, 32, '30', 'GOBINDAGANJ', 'গোবিন্দগঞ্জ', '2015-12-08 10:11:42', '0000-00-00 00:00:00'),
(251, 11, 16, 30, '29', 'FENI SADAR', 'সদর', '2016-11-15 10:40:56', '0000-00-00 00:00:00'),
(252, 11, 16, 30, '14', 'CHHAGALNAIYA', 'ছাগলনাইয়া', '2016-11-15 10:40:56', '0000-00-00 00:00:00'),
(253, 11, 16, 30, '94', 'SONAGAZI', 'সোনাগাজী', '2016-11-15 10:40:56', '0000-00-00 00:00:00'),
(254, 1, 62, 91, '62', 'SYLHET SADAR', 'সিলেট সদর', '2016-01-28 08:58:31', '0000-00-00 00:00:00'),
(255, 3, 59, 88, '61', 'ROYGANJ', 'রায়গঞ্জ', '2016-10-20 10:54:31', '0000-00-00 00:00:00'),
(256, 12, 46, 72, '74', 'NETROKONA SADAR', 'সদর', '2016-11-22 06:31:25', '0000-00-00 00:00:00'),
(257, 1, 20, 36, '5', 'BAHUBAL', 'বাহুবল', '2018-04-02 12:13:14', '0000-00-00 00:00:00'),
(258, 12, 46, 72, '4', 'ATPARA', 'আটাপাড়া', '2016-11-22 06:31:25', '0000-00-00 00:00:00'),
(259, 12, 46, 72, '63', 'MOHANGANJ', 'মোহনগঞ্জ', '2016-11-22 06:31:25', '0000-00-00 00:00:00'),
(260, 12, 46, 72, '83', 'PURBADHALA', 'পূর্বধলা', '2016-11-22 06:31:25', '0000-00-00 00:00:00'),
(261, 12, 46, 72, '47', 'KENDUA', 'কেন্দুয়া', '2016-11-22 06:31:25', '0000-00-00 00:00:00'),
(262, 8, 43, 68, '60', 'NARSINGDI SADAR', 'সদর', '2015-12-08 10:11:43', '0000-00-00 00:00:00'),
(263, 12, 46, 72, '40', 'KALMAKANDA', 'কলমাকান্দা', '2016-11-22 06:31:25', '0000-00-00 00:00:00'),
(264, 1, 20, 36, '11', 'BANIACHONG', 'বানিয়াচং', '2018-04-02 12:13:22', '0000-00-00 00:00:00'),
(265, 12, 46, 72, '56', 'MADAN', 'মদন', '2016-11-22 06:31:25', '0000-00-00 00:00:00'),
(266, 12, 46, 72, '18', 'DURGAPUR', 'দূর্গাপুর', '2016-11-22 06:31:25', '0000-00-00 00:00:00'),
(267, 1, 20, 36, '26', 'CHUNARUGHAT', 'চুনারুঘাট', '2018-04-02 12:13:42', '0000-00-00 00:00:00'),
(268, 1, 20, 36, '71', 'MADHABPUR', 'মাধবপুর', '2018-04-02 12:14:03', '0000-00-00 00:00:00'),
(269, 8, 43, 68, '64', 'ROYPURA', 'রায়পুর', '2015-12-08 10:11:44', '0000-00-00 00:00:00'),
(270, 1, 20, 36, '44', 'HABIGANJ SADAR', 'হবিগঞ্জ সদর', '2018-04-02 12:14:13', '0000-00-00 00:00:00'),
(271, 8, 43, 68, '76', 'SHIBPUR', 'শিবপুর', '2015-12-08 10:11:44', '0000-00-00 00:00:00'),
(272, 8, 43, 68, '52', 'MANOHARDI', 'মনোহরদী', '2015-12-08 10:11:44', '0000-00-00 00:00:00'),
(273, 8, 43, 68, '7', 'BELABO', 'বেলাব', '2015-12-08 10:11:44', '0000-00-00 00:00:00'),
(274, 3, 53, 81, '40', 'MATIHAR', 'মতিহার', '2015-12-08 10:11:44', '0000-00-00 00:00:00'),
(275, 3, 53, 81, '22', 'BOALIA', 'বোয়ালিয়া', '2015-12-08 10:11:44', '0000-00-00 00:00:00'),
(276, 3, 53, 81, '90', 'SHAH MAKHDUM', 'শাহমখদুম', '2015-12-08 10:11:44', '0000-00-00 00:00:00'),
(277, 3, 53, 81, '85', 'RAJPARA', 'রাজপাড়া', '2015-12-08 10:11:44', '0000-00-00 00:00:00'),
(278, 3, 53, 81, '72', 'PABA', 'পবা', '2015-12-08 10:11:44', '0000-00-00 00:00:00'),
(279, 3, 53, 81, '25', 'CHARGHAT', 'চারঘাট', '2015-12-08 10:11:44', '0000-00-00 00:00:00'),
(280, 3, 53, 81, '34', 'GODAGARI', 'গোদাগাড়ী', '2015-12-08 10:11:44', '0000-00-00 00:00:00'),
(281, 3, 53, 81, '82', 'PUTHIA', 'পুঠিয়া', '2015-12-08 10:11:44', '0000-00-00 00:00:00'),
(282, 3, 53, 81, '10', 'BAGHA', 'বাঘা', '2015-12-08 10:11:44', '0000-00-00 00:00:00'),
(283, 3, 53, 81, '53', 'MOHANPUR', 'মোহনপুর', '2015-12-08 10:11:44', '0000-00-00 00:00:00'),
(284, 3, 53, 81, '94', 'TANORE', 'তানোর', '2015-12-08 10:11:44', '0000-00-00 00:00:00'),
(285, 2, 56, 85, '49', 'RANGPUR SADAR', 'সদর', '2015-12-08 10:11:44', '0000-00-00 00:00:00'),
(286, 8, 57, 86, '69', 'SHARIATPUR SADAR', 'সদর', '2016-10-24 05:37:33', '0000-00-00 00:00:00'),
(287, 2, 56, 85, '58', 'MITHA PUKUR', 'মিঠাপুকুর', '2015-12-08 10:11:45', '0000-00-00 00:00:00'),
(288, 3, 53, 81, '31', 'DURGAPUR', 'দূর্গাপুর ', '2015-12-08 10:11:45', '0000-00-00 00:00:00'),
(289, 8, 57, 86, '65', 'NARIA', 'নড়িয়া ', '2016-10-24 05:37:33', '0000-00-00 00:00:00'),
(290, 3, 53, 81, '12', 'BAGHMARA', 'বাগমারা', '2015-12-08 10:11:45', '0000-00-00 00:00:00'),
(291, 8, 57, 86, '14', 'BHEDARGANJ', 'ভেদরগঞ্জ', '2016-10-24 05:37:33', '0000-00-00 00:00:00'),
(292, 2, 56, 85, '27', 'GANGACHARA', 'গংগাচড়া', '2015-12-08 10:11:45', '0000-00-00 00:00:00'),
(293, 8, 57, 86, '36', 'GOSAIRHAT', 'গোসাইরহাট', '2016-10-24 05:37:33', '0000-00-00 00:00:00'),
(294, 2, 56, 85, '3', 'BADARGANJ', 'বদরগঞ্জ', '2015-12-08 10:11:45', '0000-00-00 00:00:00'),
(295, 8, 57, 86, '94', 'ZANJIRA', 'জজিরা', '2016-10-24 05:37:33', '0000-00-00 00:00:00'),
(296, 5, 26, 46, '49', 'KHAGRACHHARI SADAR', 'সদর', '2015-12-08 10:11:45', '0000-00-00 00:00:00'),
(297, 5, 26, 46, '80', 'RAMGARH', 'রামগড়', '2015-12-08 10:11:45', '0000-00-00 00:00:00'),
(298, 3, 45, 70, '66', 'CHAPAI NABABGANJ SADAR', 'সদর', '2015-12-08 10:11:45', '0000-00-00 00:00:00'),
(299, 3, 45, 70, '88', 'SHIBGANJ', 'শিবগঞ্জ', '2015-12-08 10:11:45', '0000-00-00 00:00:00'),
(301, 3, 45, 70, '37', 'GOMASTAPUR', 'গোমান্তাপুর', '2015-12-08 10:11:45', '0000-00-00 00:00:00'),
(302, 1, 37, 58, '14', 'MAULVIBAZAR SADAR', 'সদর', '2018-04-02 12:17:46', '0000-00-00 00:00:00'),
(303, 1, 37, 58, '83', 'SREEMANGAL', 'শ্রীমঙ্গল ', '2015-12-08 10:11:45', '0000-00-00 00:00:00'),
(304, 11, 11, 19, '67', 'COMILLA ADARSHA SADAR', 'আদর্শ সদর', '2016-11-15 10:40:33', '0000-00-00 00:00:00'),
(305, 1, 37, 58, '65', 'KULAURA', 'কুলাউড়া', '2015-12-08 10:11:46', '0000-00-00 00:00:00'),
(306, 11, 11, 19, '33', 'COMILLA SADAR DAKSHIN', 'সদর দক্ষিন', '2016-11-15 10:40:33', '0000-00-00 00:00:00'),
(307, 11, 11, 19, '72', 'LAKSAM', 'লাকসাম', '2016-11-15 10:40:33', '0000-00-00 00:00:00'),
(308, 1, 37, 58, '14', 'BARLEKHA', 'বড়লেখা', '2015-12-08 10:11:46', '0000-00-00 00:00:00'),
(309, 11, 11, 19, '81', 'MURADNAGAR', 'মুরাদনগর ', '2016-11-15 10:40:33', '0000-00-00 00:00:00'),
(310, 11, 11, 19, '27', 'CHANDINA', 'চান্দিনা', '2016-11-15 10:40:33', '0000-00-00 00:00:00'),
(311, 11, 11, 19, '36', 'DAUDKANDI', 'দাউদকান্দি', '2016-11-15 10:40:33', '0000-00-00 00:00:00'),
(312, 1, 37, 58, '80', 'RAJNAGAR', 'রাজনগর', '2015-12-08 10:11:46', '0000-00-00 00:00:00'),
(313, 11, 11, 19, '40', 'DEBIDWAR', 'দেবিদ্বার', '2016-11-15 10:40:33', '0000-00-00 00:00:00'),
(314, 1, 37, 58, '56', 'KAMALGANJ', 'কমলগঞ্জ', '2015-12-08 10:11:46', '0000-00-00 00:00:00'),
(315, 11, 11, 19, '31', 'CHAUDDAGRAM', 'চৌদ্দগ্রাম', '2016-11-15 10:40:33', '0000-00-00 00:00:00'),
(316, 2, 50, 77, '34', 'DEBIGANJ', 'দেবীগঞ্জ', '2016-10-20 10:55:41', '0000-00-00 00:00:00'),
(317, 11, 11, 19, '9', 'BARURA', 'বরুরা', '2016-11-15 10:40:33', '0000-00-00 00:00:00'),
(318, 2, 50, 77, '73', 'PANCHAGARH SADAR', 'সদর', '2016-10-20 10:55:41', '0000-00-00 00:00:00'),
(319, 2, 50, 77, '4', 'ATWARI', 'আটোয়ারী', '2016-10-20 10:55:41', '0000-00-00 00:00:00'),
(320, 2, 50, 77, '90', 'TENTULIA', 'তেঁতুলিয়া', '2016-10-20 10:55:41', '0000-00-00 00:00:00'),
(321, 8, 38, 59, '56', 'MUNSHIGANJ SADAR', 'সদর ', '2016-10-19 07:51:53', '0000-00-00 00:00:00'),
(322, 8, 38, 59, '94', 'TONGIBARI', 'টংগীবাড়ী ', '2016-10-19 07:51:53', '0000-00-00 00:00:00'),
(323, 8, 38, 59, '24', 'GAZARIA', 'গজারিয়া', '2016-10-19 07:51:53', '0000-00-00 00:00:00'),
(324, 8, 38, 59, '84', 'SREENAGAR', 'শ্রীনগর', '2016-10-19 07:51:53', '0000-00-00 00:00:00'),
(325, 8, 38, 59, '44', 'LOHAJANG', 'লৌহজং', '2016-10-19 07:51:53', '0000-00-00 00:00:00'),
(326, 8, 13, 26, '50', 'MOHAMMADPUR', 'মোহাম্মদপুর', '2015-12-08 10:11:47', '0000-00-00 00:00:00'),
(327, 8, 13, 26, '54', 'MOTIJHEEL', 'মতিঝিল', '2015-12-08 10:11:47', '0000-00-00 00:00:00'),
(328, 8, 13, 26, '4', 'BADDA', 'বাড্ডা', '2015-12-08 10:11:47', '0000-00-00 00:00:00'),
(329, 8, 13, 26, '90', 'TEJGAON', 'তেজগাঁও', '2015-12-08 10:11:47', '0000-00-00 00:00:00'),
(330, 8, 13, 26, '30', 'KAFRUL', 'কাফরুল', '2015-12-08 10:11:47', '0000-00-00 00:00:00'),
(331, 8, 13, 26, '75', 'SHAHBAGH', 'শাহবাগ', '2015-12-08 10:11:47', '0000-00-00 00:00:00'),
(332, 8, 13, 26, '48', 'MIRPUR', 'মিরপুর', '2015-12-08 10:11:47', '0000-00-00 00:00:00'),
(333, 8, 13, 26, '40', 'KOTWALI', 'কোতয়ালী', '2015-12-08 10:11:47', '0000-00-00 00:00:00'),
(334, 8, 13, 26, '16', 'DHANMONDI', 'ধানমন্ডি', '2015-12-08 10:11:47', '0000-00-00 00:00:00'),
(335, 8, 13, 26, '72', 'SAVAR', 'সাভার', '2015-12-08 10:11:47', '0000-00-00 00:00:00'),
(336, 8, 13, 26, '66', 'RAMNA', 'রমনা', '2015-12-08 10:11:47', '0000-00-00 00:00:00'),
(337, 8, 13, 26, '64', 'PALLABI', 'পল্লবী', '2015-12-08 10:11:47', '0000-00-00 00:00:00'),
(338, 8, 13, 26, '65', 'PALTAN', 'পল্টন', '2015-12-08 10:11:47', '0000-00-00 00:00:00'),
(339, 8, 13, 26, '95', 'UTTARA', 'উত্তরা', '2015-12-08 10:11:47', '0000-00-00 00:00:00'),
(340, 8, 13, 26, '8', 'CANTONMENT', 'ক্যান্টনমেন্ট', '2015-12-08 10:11:48', '0000-00-00 00:00:00'),
(341, 8, 13, 26, '18', 'DOHAR', 'দোহার', '2015-12-08 10:11:48', '0000-00-00 00:00:00'),
(342, 8, 13, 26, '62', 'NAWABGANJ', 'নবাবগঞ্জ', '2015-12-08 10:11:48', '0000-00-00 00:00:00'),
(343, 8, 13, 26, '14', 'DHAMRAI', 'ধামরাই', '2015-12-08 10:11:48', '0000-00-00 00:00:00'),
(344, 8, 13, 26, '88', 'SUTRAPUR', 'সূত্রাপুর', '2015-12-08 10:11:48', '0000-00-00 00:00:00'),
(345, 8, 13, 26, '68', 'SABUJBAGH', 'সবুজবাগ', '2015-12-08 10:11:48', '0000-00-00 00:00:00'),
(346, 8, 13, 26, '26', 'GULSHAN', 'গুলশান', '2015-12-08 10:11:48', '0000-00-00 00:00:00'),
(347, 8, 13, 26, '76', 'SHYAMPUR', 'শ্যামপুর', '2015-12-08 10:11:48', '0000-00-00 00:00:00'),
(348, 8, 13, 26, '12', 'DEMRA', 'ডেমরা', '2015-12-08 10:11:48', '0000-00-00 00:00:00'),
(349, 8, 13, 26, '42', 'LALBAGH', 'লালবাগ', '2015-12-08 10:11:48', '0000-00-00 00:00:00'),
(350, 8, 13, 26, '38', 'KERANIGANJ', 'কেরানীগঞ্জ', '2015-12-08 10:11:48', '0000-00-00 00:00:00'),
(351, 3, 40, 64, '60', 'NAOGAON SADAR', 'নওগাঁ সদর', '2016-10-27 11:16:23', '0000-00-00 00:00:00'),
(352, 3, 40, 64, '6', 'BADALGACHHI', 'বদলগাছী', '2016-10-27 11:16:23', '0000-00-00 00:00:00'),
(353, 3, 40, 64, '86', 'DHAMOIRHAT', 'ধামইরহাট', '2016-10-27 11:16:23', '0000-00-00 00:00:00'),
(354, 3, 40, 64, '75', 'PATNITALA', 'পত্নীতলা', '2016-10-27 11:16:23', '0000-00-00 00:00:00'),
(355, 3, 40, 64, '3', 'ATRAI', 'আত্রাই', '2016-10-27 11:16:23', '0000-00-00 00:00:00'),
(356, 3, 40, 64, '69', 'NIAMATPUR', 'নিয়ামতপুর', '2016-10-27 11:16:23', '0000-00-00 00:00:00'),
(357, 3, 40, 64, '86', 'SAPAHAR', 'সাপাহার', '2016-10-27 11:16:23', '0000-00-00 00:00:00'),
(358, 3, 44, 69, '63', 'NATORE SADAR', 'সদর', '2015-12-31 08:34:37', '0000-00-00 00:00:00'),
(359, 3, 44, 69, '15', 'BARAIGRAM', 'বড়াইগ্রাম', '2015-12-08 10:11:49', '0000-00-00 00:00:00'),
(360, 3, 44, 69, '44', 'LALPUR', 'লালপুর', '2015-12-08 10:11:49', '0000-00-00 00:00:00'),
(361, 3, 44, 69, '91', 'SINGRA', 'সিংড়া', '2015-12-08 10:11:49', '0000-00-00 00:00:00'),
(362, 3, 44, 69, '41', 'GURUDASPUR', 'গুরুদাসপুর', '2015-12-08 10:11:49', '0000-00-00 00:00:00'),
(363, 3, 44, 69, '9', 'BAGATIPARA', 'বাগাতিপাড়া', '2015-12-08 10:11:49', '0000-00-00 00:00:00'),
(364, 3, 21, 38, '47', 'JOYPURHAT SADAR', 'জয়পুরহাট সদর', '2016-10-24 05:58:31', '0000-00-00 00:00:00'),
(365, 3, 21, 38, '58', 'KALAI', 'কালাই', '2016-10-24 05:58:31', '0000-00-00 00:00:00'),
(366, 3, 21, 38, '61', 'KHETLAL', 'ক্ষেতলাল', '2016-10-24 05:58:31', '0000-00-00 00:00:00'),
(367, 3, 21, 38, '13', 'AKKELPUR', 'আক্কেলপুর', '2016-10-24 05:58:31', '0000-00-00 00:00:00'),
(368, 3, 21, 38, '74', 'PANCHBIBI', 'পাঁচবিবি', '2016-10-24 05:58:31', '0000-00-00 00:00:00'),
(369, 2, 29, 49, '6', 'BHURUNGAMARI', 'ভূরুঙ্গামারী', '2015-12-08 10:11:50', '0000-00-00 00:00:00'),
(370, 2, 29, 49, '79', 'RAUMARI', 'রৌমারী', '2015-12-08 10:11:50', '0000-00-00 00:00:00'),
(371, 2, 29, 49, '94', 'ULIPUR', 'উলিপুর', '2015-12-08 10:11:50', '0000-00-00 00:00:00'),
(372, 2, 29, 49, '8', 'CHAR RAJIBPUR', 'রাজিবপুর', '2015-12-08 10:11:50', '0000-00-00 00:00:00'),
(373, 4, 1, 1, '38', 'KACHUA', 'কচুয়া', '2015-12-08 10:11:50', '0000-00-00 00:00:00'),
(374, 4, 1, 1, '56', 'MOLLAHAT', 'মোল্লাহাট', '2015-12-08 10:11:50', '0000-00-00 00:00:00'),
(375, 5, 2, 3, '73', 'NAIKHONGCHHARI', 'নাইক্ষ্যংছড়ি', '2015-12-08 10:11:50', '0000-00-00 00:00:00'),
(376, 5, 2, 3, '89', 'ROWANGCHHARI', 'রোয়াংছড়ি', '2015-12-08 10:11:50', '0000-00-00 00:00:00'),
(377, 5, 2, 3, '95', 'THANCHI', 'থানচী', '2015-12-08 10:11:50', '0000-00-00 00:00:00'),
(378, 6, 4, 6, '2', 'AGAILJHARA', 'আগৈলঝড়া', '2015-12-08 10:11:50', '0000-00-00 00:00:00'),
(379, 6, 4, 6, '7', 'BAKERGANJ', 'বাকেরগঞ্জ', '2015-12-08 10:11:50', '0000-00-00 00:00:00'),
(380, 6, 4, 6, '10', 'BANARI PARA', 'বানারী পাড়া', '2015-12-08 10:11:50', '0000-00-00 00:00:00'),
(381, 6, 4, 6, '36', 'HIZLA', 'হিজলা', '2015-12-08 10:11:50', '0000-00-00 00:00:00'),
(382, 6, 4, 6, '51', 'BARISAL SADAR ', 'সদর', '2016-11-08 11:03:52', '0000-00-00 00:00:00'),
(383, 6, 4, 6, '62', 'MHENDIGANJ', 'মেহেন্দীগঞ্জ', '2015-12-08 10:11:51', '0000-00-00 00:00:00'),
(384, 6, 4, 6, '69', 'MULADI', 'মুলাদী', '2015-12-08 10:11:51', '0000-00-00 00:00:00'),
(385, 6, 4, 6, '94', 'WAZIRPUR', 'উজিরপুর', '2015-12-08 10:11:51', '0000-00-00 00:00:00'),
(386, 5, 9, 15, '10', 'BAKALIA', 'বাকলিয়া', '2015-12-08 10:11:51', '0000-00-00 00:00:00'),
(387, 5, 9, 15, '35', 'HALISHAHAR', 'হালিশহর', '2015-12-08 10:11:51', '0000-00-00 00:00:00'),
(388, 5, 9, 15, '39', 'KARNAFULI (POLICE STATION)', 'কর্ণফুলী', '2015-12-08 10:11:51', '0000-00-00 00:00:00'),
(389, 5, 9, 15, '43', 'KHULSHI', 'খুলশী', '2015-12-08 10:11:51', '0000-00-00 00:00:00'),
(390, 11, 8, 13, '45', 'FARIDGANJ', 'ফরিদগঞ্জ', '2016-11-15 10:40:11', '0000-00-00 00:00:00'),
(391, 11, 8, 13, '76', 'MATLAB DAKSHIN', 'মতলব দক্ষিণ', '2016-11-15 10:40:11', '0000-00-00 00:00:00'),
(392, 11, 8, 13, '79', 'MATLAB UTTAR', 'মতলব উত্তর', '2016-11-15 10:40:11', '0000-00-00 00:00:00'),
(393, 3, 6, 10, '27', 'DHUNAT', 'ধুনট', '2015-12-08 10:11:51', '0000-00-00 00:00:00'),
(394, 3, 6, 10, '54', 'KAHALOO', 'কাহালু', '2015-12-08 10:11:51', '0000-00-00 00:00:00'),
(395, 3, 6, 10, '67', 'NANDIGRAM', 'নন্দীগ্রাম', '2015-12-08 10:11:51', '0000-00-00 00:00:00'),
(396, 3, 6, 10, '81', 'SARIAKANDI', 'সাড়িয়াকান্দি', '2015-12-08 10:11:51', '0000-00-00 00:00:00'),
(397, 3, 6, 10, '95', 'SONATOLA', 'সোনাতলা', '2015-12-08 10:11:51', '0000-00-00 00:00:00'),
(398, 2, 32, 52, '2', 'ADITMARI', 'আদিতমারী', '2016-11-09 07:02:58', '0000-00-00 00:00:00'),
(399, 2, 32, 52, '39', 'KALIGANJ', 'কালীগঞ্জ', '2015-12-08 10:11:51', '0000-00-00 00:00:00'),
(404, 4, 30, 50, '63', 'KHOKSA', 'খোকসা', '2015-12-08 10:11:52', '0000-00-00 00:00:00'),
(405, 4, 30, 50, '71', 'KUMARKHALI', 'কুমারখালী', '2015-12-08 10:11:52', '0000-00-00 00:00:00'),
(406, 4, 30, 50, '94', 'MIRPUR', 'মিরপুর', '2015-12-08 10:11:52', '0000-00-00 00:00:00'),
(407, 2, 17, 32, '21', 'FULCHHARI', 'ফুলছড়ি', '2015-12-08 10:11:52', '0000-00-00 00:00:00'),
(408, 2, 17, 32, '82', 'SADULLAPUR', 'সাদুল্যাপুর', '2015-12-08 10:11:52', '0000-00-00 00:00:00'),
(409, 2, 17, 32, '88', 'SAGHATA', 'সাঘাটা', '2015-12-08 10:11:52', '0000-00-00 00:00:00'),
(410, 2, 17, 32, '91', 'SUNDARGANJ', 'সুন্দরগঞ্জ', '2015-12-08 10:11:52', '0000-00-00 00:00:00'),
(411, 2, 17, 32, '25', 'DAGANBHUIYAN', 'দাঁগন ভূইয়া', '2015-12-08 10:11:52', '0000-00-00 00:00:00'),
(412, 2, 17, 32, '41', 'FULGAZI', 'ফুলগাজী', '2015-12-08 10:11:52', '0000-00-00 00:00:00'),
(413, 11, 16, 30, '51', 'PARSHURAM', 'পরশুরাম', '2016-11-15 10:40:56', '0000-00-00 00:00:00'),
(414, 11, 11, 19, '15', 'BRAHMAN PARA', 'বাহ্মণপাড়া', '2016-11-15 10:40:33', '0000-00-00 00:00:00'),
(415, 11, 11, 19, '18', 'BURICHANG', 'বুড়িচং', '2016-11-15 10:40:33', '0000-00-00 00:00:00'),
(416, 11, 11, 19, '54', 'HOMNA', 'হোমনা', '2016-11-15 10:40:33', '0000-00-00 00:00:00'),
(417, 11, 11, 19, '74', 'MANOHARGANJ', 'মনোহরগঞ্জ', '2016-11-15 10:40:33', '0000-00-00 00:00:00'),
(418, 11, 11, 19, '75', 'MEGHNA', 'মেঘনা', '2016-11-15 10:40:33', '0000-00-00 00:00:00'),
(419, 11, 11, 19, '87', 'NANGALKOT', 'নাঙ্গলকোট', '2016-11-15 10:40:33', '0000-00-00 00:00:00'),
(420, 11, 11, 19, '94', 'TITAS', 'তিতাস', '2016-11-15 10:40:33', '0000-00-00 00:00:00'),
(422, 2, 50, 77, '91', 'MOYNADIGHI', 'ময়নাদিঘী', '2016-10-20 10:55:41', '0000-00-00 00:00:00'),
(423, 2, 50, 77, '92', 'FULBARI', 'ফুলবাড়ী', '2016-10-20 10:55:41', '0000-00-00 00:00:00'),
(424, 2, 50, 77, '93', 'VHOJONPUR', 'ভজনপুর', '2016-10-20 10:55:41', '0000-00-00 00:00:00'),
(425, 5, 12, 22, '16', 'CHAKARIA', 'চকরিয়া', '2015-12-08 10:11:53', '0000-00-00 00:00:00'),
(426, 5, 12, 22, '45', 'KUTUBDIA', 'কুতুবদিয়া', '2015-12-08 10:11:53', '0000-00-00 00:00:00'),
(427, 5, 12, 22, '49', 'MAHESHKHALI', 'মহেশখালী', '2015-12-08 10:11:53', '0000-00-00 00:00:00'),
(428, 5, 12, 22, '56', 'PEKUA', 'পেকুয়া', '2015-12-08 10:11:53', '0000-00-00 00:00:00'),
(429, 5, 12, 22, '66', 'RAMU', 'রামু', '2015-12-08 10:11:53', '0000-00-00 00:00:00'),
(430, 5, 12, 22, '90', 'TEKNAF', 'টেকনাফ', '2015-12-08 10:11:53', '0000-00-00 00:00:00'),
(431, 5, 12, 22, '94', 'UKHIA', 'উখিয়া', '2015-12-08 10:11:53', '0000-00-00 00:00:00'),
(432, 11, 31, 51, '33', 'KAMALNAGAR', 'কমলনগর', '2016-11-28 09:53:34', '0000-00-00 00:00:00'),
(433, 11, 31, 51, '43', 'LAKSHMIPUR SADAR', 'সদর', '2016-11-15 10:41:40', '0000-00-00 00:00:00'),
(434, 11, 31, 51, '58', 'ROYPUR', 'রায়পুর', '2016-11-15 10:41:40', '0000-00-00 00:00:00'),
(435, 11, 31, 51, '65', 'RAMGANJ', 'রামগঞ্জ', '2016-11-15 10:41:40', '0000-00-00 00:00:00'),
(436, 11, 31, 51, '73', 'RAMGATI', 'রামগতি', '2016-11-15 10:41:40', '0000-00-00 00:00:00'),
(437, 3, 40, 64, '47', 'MANDA', 'মান্দা', '2016-10-27 11:16:23', '0000-00-00 00:00:00'),
(438, 3, 40, 64, '50', 'MAHADEBPUR', 'মহাদেবপুর', '2016-10-27 11:16:23', '0000-00-00 00:00:00'),
(439, 3, 40, 64, '79', 'PORSHA', 'পরশা', '2016-10-27 11:16:23', '0000-00-00 00:00:00'),
(440, 3, 40, 64, '85', 'RANINAGAR', 'রানীনগর', '2016-10-27 11:16:23', '0000-00-00 00:00:00'),
(441, 3, 44, 69, '9', 'BAGATIPARA', 'রাগাতিপাড়া', '2015-12-08 10:11:54', '0000-00-00 00:00:00'),
(442, 2, 47, 73, '64', 'NILPHAMARI SADAR', 'নীলফামারী সদর', '2016-01-28 08:58:51', '0000-00-00 00:00:00'),
(443, 2, 14, 27, '12', 'BIRGANJ', 'বীরগঞ্জ', '2015-12-08 10:11:54', '0000-00-00 00:00:00'),
(444, 2, 14, 27, '17', 'BIRAL', 'বিরল', '2015-12-08 10:11:54', '0000-00-00 00:00:00'),
(445, 2, 14, 27, '21', 'BOCHAGANJ', 'বোচাগঞ্জ', '2015-12-08 10:11:54', '0000-00-00 00:00:00'),
(446, 2, 14, 27, '30', 'CHIRIRBANDAR', 'চিরির বন্দর', '2015-12-08 10:11:54', '0000-00-00 00:00:00'),
(447, 2, 14, 27, '38', 'FULBARI', 'ফুলবাড়ী', '2015-12-08 10:11:54', '0000-00-00 00:00:00'),
(448, 2, 14, 27, '43', 'GHORAGHAT', 'ঘোড়াঘাট', '2015-12-08 10:11:54', '0000-00-00 00:00:00'),
(449, 2, 14, 27, '47', 'HAKIMPUR', 'হাকিমপুর', '2015-12-08 10:11:54', '0000-00-00 00:00:00'),
(450, 2, 14, 27, '56', 'KAHAROLE', 'কাহারুল', '2015-12-08 10:11:54', '0000-00-00 00:00:00'),
(451, 6, 24, 42, '84', 'RAJAPUR', 'রাজাপুর', '2016-10-20 10:52:50', '0000-00-00 00:00:00'),
(452, 6, 51, 78, '38', 'BAUPHAL', 'বাউফল', '2015-12-08 10:11:54', '0000-00-00 00:00:00'),
(453, 6, 51, 78, '52', 'DASHMINA', 'দশমিনা', '2015-12-08 10:11:55', '0000-00-00 00:00:00'),
(454, 6, 51, 78, '55', 'DUMKI', 'দুমকী', '2015-12-08 10:11:55', '0000-00-00 00:00:00'),
(455, 6, 51, 78, '57', 'GALACHIPA', 'গলাচিপা', '2015-12-08 10:11:55', '0000-00-00 00:00:00'),
(456, 6, 51, 78, '66', 'KALA PARA', 'কলাপাড়া', '2016-11-27 08:42:03', '0000-00-00 00:00:00'),
(457, 6, 51, 78, '76', 'MIRZAGANJ', 'মির্জাগঞ্জ', '2015-12-08 10:11:55', '0000-00-00 00:00:00'),
(458, 6, 51, 78, '95', 'PATUAKHALI SADAR', 'সদর', '2015-12-08 10:11:55', '0000-00-00 00:00:00'),
(459, 6, 52, 79, '14', 'BHANDARIA', 'ভান্ডারিয়া', '2015-12-08 10:11:55', '0000-00-00 00:00:00'),
(460, 6, 52, 79, '47', 'KAWKHALI', 'কাউখালী', '2015-12-08 10:11:55', '0000-00-00 00:00:00'),
(461, 6, 52, 79, '58', 'MATHBARIA', 'মঠবাড়িয়া', '2015-12-08 10:11:55', '0000-00-00 00:00:00'),
(462, 0, 0, 0, '', 'N/A', NULL, '2015-12-14 04:59:59', '0000-00-00 00:00:00'),
(463, 8, 65, 104, '801', 'SHAVAR', 'সাভার', '2016-10-29 10:49:28', '0000-00-00 00:00:00'),
(464, 8, 65, 104, '802', 'DOHAR', 'দোহার', '2016-10-29 10:49:28', '0000-00-00 00:00:00'),
(465, 8, 65, 104, '803', 'KERANOGONJ', 'কেরানীগঞ্জ', '2016-10-29 10:49:28', '0000-00-00 00:00:00'),
(466, 8, 65, 104, '804', 'DHAMRAI', 'ধামরাই', '2016-10-29 10:49:28', '0000-00-00 00:00:00'),
(467, 8, 65, 104, '805', 'ASULIA', 'আশুলিয়া', '2016-10-29 10:49:28', '0000-00-00 00:00:00'),
(468, 8, 65, 104, '806', 'NOBABGONJ', 'নবাবগঞ্জ', '2016-10-29 10:49:28', '0000-00-00 00:00:00'),
(469, 8, 65, 104, '806', 'DMP', 'ডিএমপি', '2016-10-29 10:49:28', '0000-00-00 00:00:00'),
(470, 9, 66, 105, '807', 'GULSHAN', 'গুলশান', '2016-10-29 10:48:13', '0000-00-00 00:00:00'),
(471, 9, 66, 105, '808', 'BADDA', 'বাড্ডা', '2016-10-29 10:48:13', '0000-00-00 00:00:00'),
(472, 9, 66, 105, '809', 'CANTONMENT', 'ক্যান্টনমেন্ট', '2016-10-29 10:48:13', '0000-00-00 00:00:00'),
(473, 9, 66, 105, '810', 'UTTARA', 'উত্তরা', '2016-10-29 10:48:13', '0000-00-00 00:00:00'),
(474, 9, 66, 105, '811', 'VATARA', 'ভাটারা', '2016-10-29 10:48:13', '0000-00-00 00:00:00'),
(475, 9, 67, 106, '812', 'LALBAAG', 'লালবাগ', '2016-10-29 10:49:52', '0000-00-00 00:00:00'),
(476, 9, 67, 106, '813', 'DHANMONDI', 'ধানমন্ডি', '2016-10-29 10:49:52', '0000-00-00 00:00:00'),
(477, 9, 67, 106, '814', 'KOTOALI', 'কোতয়ালী', '2016-10-29 10:49:52', '0000-00-00 00:00:00'),
(478, 9, 67, 106, '815', 'SHABAAG', 'শাহবাগ', '2016-10-29 10:49:52', '0000-00-00 00:00:00'),
(479, 9, 67, 106, '816', 'MOHOMMODPUR', 'মোহাম্মদপুর', '2016-10-29 10:49:52', '0000-00-00 00:00:00'),
(480, 9, 68, 107, '817', 'SHOBUZBAAG', 'সবুজবাগ', '2016-10-29 10:50:08', '0000-00-00 00:00:00'),
(481, 9, 68, 107, '817', 'DEMRA', 'ডেমরা', '2016-10-29 10:50:08', '0000-00-00 00:00:00'),
(482, 9, 68, 107, '818', 'ROMNA', 'রমনা', '2016-10-29 10:50:08', '0000-00-00 00:00:00'),
(483, 9, 68, 107, '819', 'MOTIZHIL', 'মতিঝিল', '2016-10-29 10:50:08', '0000-00-00 00:00:00'),
(484, 9, 68, 107, '820', 'POLTON', 'পল্টন', '2016-10-29 10:50:08', '0000-00-00 00:00:00'),
(485, 9, 68, 107, '821', 'SHAMPUR', 'শ্যামপুর', '2016-10-29 10:50:08', '0000-00-00 00:00:00'),
(486, 9, 68, 107, '822', 'SHUTRAPUR', 'সূত্রাপুর', '2016-10-29 10:50:08', '0000-00-00 00:00:00'),
(487, 9, 69, 108, '823', 'MIRPUR', 'মিরপুর', '2016-10-29 10:50:21', '0000-00-00 00:00:00');
INSERT INTO `tbl_thana` (`id`, `division_id`, `unit_id`, `unit_code`, `thana_code`, `thana_name_eng`, `thana_name_bng`, `updated_at`, `created_at`) VALUES
(488, 9, 69, 108, '824', 'TEJGAON INDUSTRIAL AREA', 'তেজগাঁও শিল্পাঞ্চল', '2016-10-29 10:50:21', '0000-00-00 00:00:00'),
(489, 9, 69, 108, '825', 'POLLOBI', 'পল্লবী', '2016-10-29 10:50:21', '0000-00-00 00:00:00'),
(490, 9, 69, 108, '826', 'KAFRUL', 'কাফরুল', '2016-10-29 10:50:21', '0000-00-00 00:00:00'),
(491, 9, 69, 108, '827', 'TEJGOAN', 'তেজগাঁও', '2016-10-29 10:50:21', '0000-00-00 00:00:00'),
(492, 10, 70, 101, '501', 'CHANDGAO', 'চান্দগাঁও', '2016-10-29 10:50:50', '0000-00-00 00:00:00'),
(493, 10, 70, 101, '502', 'KOTOALI', 'কোতয়ালী', '2016-10-29 10:50:50', '0000-00-00 00:00:00'),
(494, 10, 70, 101, '503', 'PACHLAISH', 'পাঁচলাইশ', '2016-10-29 10:50:50', '0000-00-00 00:00:00'),
(495, 10, 70, 101, '504', 'BAYEZID', 'বায়েজিদ', '2016-10-29 10:50:50', '0000-00-00 00:00:00'),
(496, 10, 70, 101, '505', 'DOBOLMURING', 'ডবলমুরিং', '2016-10-29 10:50:50', '0000-00-00 00:00:00'),
(497, 10, 70, 101, '506', 'PAHARTOLI', 'পাহাড়তলী', '2016-10-29 10:50:50', '0000-00-00 00:00:00'),
(498, 10, 71, 103, '507', 'POTENGA', 'পতেঙ্গা', '2016-10-29 10:51:02', '0000-00-00 00:00:00'),
(499, 10, 71, 103, '508', 'BONDOR', 'বন্দর', '2016-10-29 10:51:02', '0000-00-00 00:00:00'),
(500, 10, 71, 103, '509', 'KORNOFULY', 'কর্ণফুলী', '2016-10-29 10:51:02', '0000-00-00 00:00:00'),
(501, 10, 71, 103, '510', 'BONDOR-1', 'বন্দর-১', '2016-10-29 10:51:02', '0000-00-00 00:00:00'),
(502, 5, 72, 102, '511', 'SITAKUNDO', 'সীতাকুন্ড', '2015-12-31 06:40:08', '0000-00-00 00:00:00'),
(503, 5, 72, 102, '512', 'POTIA', 'পটিয়া', '2015-12-31 06:40:30', '0000-00-00 00:00:00'),
(504, 5, 72, 102, '513', 'HAATHAZARI', 'হাটহাজারী', '2015-12-31 06:41:07', '0000-00-00 00:00:00'),
(505, 5, 72, 102, '514', 'FOTIKCHORI', 'ফটিকছড়ি', '2015-12-31 06:41:44', '0000-00-00 00:00:00'),
(506, 5, 72, 102, '515', 'RAOJAAN', 'রাউজান', '2015-12-31 06:42:08', '0000-00-00 00:00:00'),
(507, 5, 72, 102, '516', 'MIROSSORAI', 'মিরশ্বরাই', '2015-12-31 06:42:42', '0000-00-00 00:00:00'),
(508, 5, 72, 102, '517', 'ANAWARA', 'আনোয়ারা', '2015-12-31 06:43:18', '0000-00-00 00:00:00'),
(509, 5, 72, 102, '518', 'BOWALKHALI', 'বোয়ালখালী', '2015-12-31 06:43:42', '0000-00-00 00:00:00'),
(510, 5, 72, 102, '519', 'SWANDIP', 'সন্দ্বীপ', '2015-12-31 06:44:10', '0000-00-00 00:00:00'),
(511, 5, 72, 102, '520', 'BASHKHALI', 'বাঁশখালী', '2015-12-31 06:44:39', '0000-00-00 00:00:00'),
(512, 5, 72, 102, '521', 'RANGULIA', 'রাংগুনিয়া', '2015-12-31 06:45:06', '0000-00-00 00:00:00'),
(513, 5, 72, 102, '522', 'CHONONAYSH', 'চন্দনাইশ', '2015-12-31 06:45:53', '0000-00-00 00:00:00'),
(514, 5, 72, 102, '523', 'SAATKANIA', 'সাতকানিয়া', '2015-12-31 06:46:19', '0000-00-00 00:00:00'),
(515, 5, 72, 102, '524', 'LOHAGORA', 'লোহাগাড়া', '2015-12-31 06:46:59', '0000-00-00 00:00:00'),
(516, 8, 73, 109, '827', 'Academy', 'Academy', '2015-12-31 07:00:56', '0000-00-00 00:00:00'),
(517, 8, 73, 109, '828', 'Iscell', 'Iscell', '2015-12-31 07:01:22', '0000-00-00 00:00:00'),
(518, 8, 54, 82, '76', 'RAJBARI SADAR', 'রাজবাড়ী সদর', '2018-04-02 10:29:42', '2016-01-28 02:03:31'),
(519, 8, 13, 26, '4', 'Rampura', 'রামপুরা', '2018-04-02 09:35:21', '2016-02-24 10:52:00'),
(526, 2, 56, 85, '42', 'Kaunia', 'কাউনিয়া', '2018-04-02 12:09:31', '2016-10-27 13:29:37'),
(527, 2, 56, 85, '92', 'Taraganj', 'তারাগঞ্জ ', '2018-04-02 12:10:21', '2016-10-27 13:31:12'),
(528, 2, 56, 85, '73', 'Pirgachha', 'পীরগাছা', '2018-04-02 12:10:28', '2016-10-27 13:32:25'),
(529, 2, 50, 77, '25', 'Boda', 'বোদা  ', '2018-04-02 12:08:49', '2016-10-27 13:38:42'),
(530, 2, 64, 94, '8', 'Baliadangi', 'বালিয়াডাঙ্গি ', '2018-04-02 12:11:02', '2016-10-27 13:45:18'),
(531, 2, 64, 94, '51', 'Ranisankail', 'রাণীশংকৈল  ', '2018-04-02 12:11:12', '2016-10-27 13:49:00'),
(532, 2, 64, 94, '82', 'Pirganj', 'পীরগঞ্জ ', '2018-04-02 12:11:31', '2016-10-27 13:50:55'),
(533, 2, 64, 94, '51', 'Haripur', 'হরিপুর ', '2018-04-02 12:12:05', '2016-10-27 13:52:22'),
(534, 3, 53, 81, '786', 'Sadar', 'সদর', '2016-10-27 14:24:18', '2016-10-27 14:24:18'),
(535, 3, 59, 88, '89', 'Tarash', 'তাড়াশ', '2018-04-02 12:07:02', '2016-10-27 14:41:04'),
(536, 3, 59, 88, '788', 'Belkuchi', 'বেলকুচি', '2016-10-27 14:42:23', '2016-10-27 14:42:23'),
(537, 3, 59, 88, '789', 'Chauhali', 'চৌহালি', '2016-10-27 14:44:00', '2016-10-27 14:44:00'),
(538, 3, 45, 70, '18', 'Bholahat', 'ভোলাহাট', '2018-04-02 12:04:03', '2016-10-27 14:48:09'),
(539, 3, 45, 70, '56', 'Nachol', 'নাচল', '2018-04-02 12:04:12', '2016-10-27 14:48:57'),
(540, 12, 22, 39, '792', 'Madarganj', 'মাদারগঞ্জ', '2016-11-22 06:30:30', '2016-10-27 14:55:01'),
(541, 12, 22, 39, '793', 'Bakshiganj', 'বকশীগঞ্জ', '2016-11-22 06:30:30', '2016-10-27 14:57:06'),
(543, 12, 46, 72, '9', 'Barhatta', 'বারহাট্টা', '2018-04-02 10:27:26', '2016-10-27 15:01:33'),
(544, 12, 46, 72, '38', 'Khaliajuri', 'খালিয়াজুড়ি', '2018-04-02 10:28:00', '2016-10-27 15:02:46'),
(545, 8, 28, 48, '33', 'Itna', 'ইটনা', '2018-04-02 10:04:37', '2016-10-27 15:10:22'),
(546, 8, 28, 48, '92', 'Tarail', 'তাড়াইল ', '2018-04-02 10:05:00', '2016-10-27 15:11:19'),
(547, 8, 28, 48, '42', 'Karimganj', 'করিমগঞ্জ', '2018-04-02 10:05:14', '2016-10-27 15:12:05'),
(548, 8, 28, 48, '27', 'Hossainpur', 'হোসেনপুর', '2018-04-02 10:05:27', '2016-10-27 15:14:01'),
(549, 8, 28, 48, '59', 'Mithamain', 'মিঠামঈন', '2018-04-02 10:05:39', '2016-10-27 15:15:19'),
(550, 8, 28, 48, '45', 'Katiadi', 'কটিয়াদী ', '2018-04-02 10:05:48', '2016-10-27 15:16:42'),
(551, 8, 28, 48, '76', 'Nikli', 'নিকলি', '2018-04-02 10:06:12', '2016-10-27 15:17:28'),
(552, 8, 28, 48, '2', 'Austagram', 'অষ্টগ্রাম', '2018-04-02 10:06:27', '2016-10-27 15:18:43'),
(553, 8, 63, 93, '25', 'Dhanbari', 'ধনবাড়ী', '2018-04-02 11:26:40', '2016-10-27 15:20:50'),
(554, 8, 63, 93, '38', 'Gopalpur', 'গোপালপুর', '2018-04-02 11:29:22', '2016-10-27 15:21:47'),
(555, 8, 63, 93, '19', 'Bhuapur', 'ভূয়াপুর ', '2018-04-02 11:29:33', '2016-10-27 15:23:00'),
(556, 8, 63, 93, '85', 'Sakhipur', 'সখিপুর', '2018-04-02 11:29:44', '2016-10-27 15:24:22'),
(557, 8, 63, 93, '47', 'Kalihati', 'কালিহাতি', '2018-04-02 11:29:53', '2016-10-27 15:26:54'),
(558, 8, 63, 93, '23', 'Delduar', 'দেলদুয়ার', '2018-04-02 11:30:01', '2016-10-27 15:27:55'),
(559, 8, 63, 93, '66', 'Mirzapur', 'মির্জাপুর', '2018-04-02 11:30:09', '2016-10-27 15:28:46'),
(560, 8, 63, 93, '76', 'Nagarpur', 'নাগরপুর', '2018-04-02 11:30:19', '2016-10-27 15:29:37'),
(561, 8, 63, 93, '814', 'NA', 'নাই ', '2016-11-03 10:29:24', '2016-10-27 15:31:58'),
(562, 8, 35, 56, '815', 'Singair', 'সিংগাইর', '2016-10-27 15:40:29', '2016-10-27 15:40:29'),
(563, 8, 35, 56, '22', 'Ghior', 'ঘিওর', '2018-04-02 10:13:58', '2016-10-27 15:41:29'),
(564, 8, 35, 56, '10', 'Daulatpur', 'দৌলতপুর', '2018-04-02 10:14:18', '2016-10-27 15:42:17'),
(565, 8, 35, 56, '28', 'Harirampur', 'হরিরামপুর   ', '2018-04-02 10:13:09', '2016-10-27 15:43:01'),
(566, 8, 54, 82, '73', 'Pangsha', 'পাংশা', '2018-04-02 10:29:50', '2016-10-27 16:18:15'),
(567, 8, 54, 82, '29', 'Goalanda', 'গোয়ালন্দ ', '2018-04-02 10:30:12', '2016-10-27 16:19:02'),
(568, 8, 54, 82, '7', 'Baliakandi', 'বালিয়াকান্দি', '2018-04-02 10:38:31', '2016-10-27 16:20:09'),
(569, 8, 15, 29, '18', 'Boalmari', 'বোয়ালমারি ', '2018-04-02 09:58:45', '2016-10-27 16:24:20'),
(570, 8, 15, 29, '3', 'Alfadanga', 'আলফাডাঙ্গা ', '2018-04-02 10:00:03', '2016-10-27 16:25:20'),
(571, 8, 38, 59, '74', 'SERAJDIKHAN', 'সিরাজদিখান ', '2018-04-02 10:19:47', '2016-10-27 16:29:29'),
(572, 8, 57, 86, '25', 'Damudya', 'ডামুড্যা ', '2018-04-02 11:24:17', '2016-10-27 16:31:04'),
(573, 1, 37, 58, '35', 'Juri', 'জুড়ী', '2018-04-02 12:17:56', '2016-10-27 16:35:33'),
(574, 1, 20, 36, '68', 'Lakhai', 'লাখাই ', '2018-04-02 12:14:54', '2016-10-27 16:36:51'),
(575, 1, 20, 36, '2', 'Ajmiriganj', 'আজমিরিগঞ্জ ', '2018-04-02 12:15:02', '2016-10-27 16:44:53'),
(576, 1, 20, 36, '77', 'Nabiganj', 'নবীগঞ্জ ', '2018-04-02 12:16:41', '2016-10-27 16:45:39'),
(577, 1, 62, 91, '41', 'Gowainghat', 'গোয়াইনহাট', '2018-04-02 12:27:21', '2016-10-29 05:48:41'),
(578, 1, 62, 91, '832', 'Osmaninagar', 'ওসমানীনগর', '2016-10-29 05:49:45', '2016-10-29 05:49:45'),
(579, 1, 62, 91, '59', 'Kanaighat', 'কানাইঘাট ', '2018-04-02 12:28:13', '2016-10-29 05:50:42'),
(580, 1, 62, 91, '94', 'Zakiganj', 'জকিগঞ্জ', '2018-04-02 12:28:38', '2016-10-29 05:51:33'),
(581, 1, 62, 91, '20', 'Bishwanath', 'বিশ্বনাথ', '2018-04-02 12:28:45', '2016-10-29 05:52:39'),
(582, 1, 61, 90, '89', 'Sadar', 'সদর', '2018-04-02 12:22:58', '2016-10-29 05:53:41'),
(583, 1, 61, 90, '92', 'Tahirpur', 'তাহিরপুর', '2018-04-02 12:23:39', '2016-10-29 06:10:06'),
(584, 1, 61, 90, '18', 'Bishwamvarpur', 'বিশ্বম্ভরপুর', '2018-04-02 12:24:15', '2016-10-29 06:12:07'),
(585, 1, 61, 90, '33', 'Doyarabazar', 'দোয়ারাবাজার', '2018-04-02 12:24:29', '2016-10-29 06:15:39'),
(586, 1, 61, 90, '50', 'Jamalganj', 'জামালগঞ্জ ', '2018-04-02 12:24:39', '2016-10-29 06:16:21'),
(587, 1, 61, 90, '32', 'Dharmapasha', 'ধর্মপাশা ', '2018-04-02 12:25:00', '2016-10-29 06:17:11'),
(588, 1, 61, 90, '47', 'Jagannathpur', 'জগন্নাথপুর', '2018-04-02 12:25:07', '2016-10-29 06:44:03'),
(589, 1, 61, 90, '86', 'Sullah', 'শাল্লা', '2018-04-02 12:25:25', '2016-10-29 06:46:15'),
(590, 5, 9, 15, '28', 'Double Mooring ', 'ডবলমুড়িং', '2018-04-02 09:15:27', '2016-10-29 07:04:50'),
(591, 1, 61, 90, '27', 'Dakshin Sunamganj', 'দক্ষিণ সুনামগঞ্জ', '2018-04-02 12:26:06', '2016-10-29 07:05:26'),
(592, 5, 9, 15, '41', 'Kotwali', 'কোতোয়ালি', '2018-04-02 09:15:56', '2016-10-29 07:14:35'),
(593, 11, 7, 12, '847', 'Sadar', 'সদর', '2016-11-15 10:39:36', '2016-10-29 07:15:46'),
(594, 11, 7, 12, '848', 'Nasirnagar', 'নাসিরনগর', '2016-11-15 10:39:36', '2016-10-29 07:16:48'),
(595, 11, 7, 12, '849', 'Sarail', 'সরাইল ', '2016-11-15 10:39:36', '2016-10-29 07:17:48'),
(596, 11, 7, 12, '850', 'Bijoyanagar', 'বিজয়নগর', '2016-11-15 10:39:36', '2016-10-29 07:19:22'),
(597, 11, 7, 12, '851', 'Ashuganj', 'আশুগঞ্জ', '2016-11-15 10:39:36', '2016-10-29 07:20:20'),
(598, 11, 7, 12, '852', 'Nabinagar', 'নবীনগর    ', '2016-11-15 10:39:36', '2016-10-29 07:21:04'),
(599, 11, 7, 12, '853', 'Akhaura', 'আখাউড়া    ', '2016-11-15 10:39:36', '2016-10-29 07:21:51'),
(600, 11, 7, 12, '854', 'Kashba', 'কসবা', '2016-11-15 10:39:36', '2016-10-29 07:24:08'),
(601, 11, 7, 12, '855', 'Bancharampur', 'বাঞ্ছারামপুর     ', '2016-11-15 10:39:36', '2016-10-29 07:24:47'),
(602, 11, 48, 75, '83', 'Sonaimuri', 'সোনাইমুড়ী', '2018-04-02 09:24:22', '2016-10-29 07:30:10'),
(603, 11, 48, 75, '80', 'Senbagh', 'সেনবাগ', '2018-04-02 09:24:33', '2016-10-29 07:31:16'),
(604, 11, 48, 75, '47', 'Kabirhat', 'কবিরহাট', '2018-04-02 09:24:46', '2016-10-29 07:32:13'),
(605, 11, 48, 75, '21', 'Companiganj', 'কোম্পানীগঞ্জ', '2018-04-02 09:25:00', '2016-10-29 07:46:06'),
(606, 11, 48, 75, '85', 'Subarnachar', 'সুবর্ণচর', '2018-04-02 09:25:10', '2016-10-29 07:48:51'),
(607, 11, 48, 75, '36', 'HATIYA', 'হাতিয়া', '2018-04-02 09:25:39', '2016-10-29 07:50:14'),
(608, 11, 16, 30, '41', 'Fulgazi', 'ফুলগাজী  ', '2018-04-02 09:19:20', '2016-10-29 07:54:00'),
(609, 11, 16, 30, '863', 'Daganabhuiyan', 'দাগনভূইয়াঁ', '2016-11-15 10:40:56', '2016-10-29 07:55:16'),
(610, 5, 26, 46, '43', 'Dighinala', 'দীঘিনালা', '2018-04-02 09:21:59', '2016-10-29 08:33:03'),
(611, 5, 26, 46, '77', 'Panchhari', 'পানছড়ি', '2018-04-02 09:20:41', '2016-10-29 08:34:07'),
(612, 5, 26, 46, '70', 'Matiranga', 'মাটিরাঙ্গা ', '2018-04-02 09:22:12', '2016-10-29 08:34:41'),
(613, 5, 26, 46, '65', 'Mahalchhari', 'মহালছড়ি', '2018-04-02 09:22:42', '2016-10-29 08:36:03'),
(614, 5, 26, 46, '67', 'Manikchhari ', 'মানিকছড়ি ', '2018-04-02 09:22:52', '2016-10-29 08:37:05'),
(615, 5, 26, 46, '61', 'Lakshmichhari', 'লক্ষ্মীছড়ি', '2018-04-02 09:23:06', '2016-10-29 08:39:53'),
(616, 5, 55, 84, '7', 'Bagaichhari', 'বাঘাইছড়ি ', '2018-04-02 09:31:46', '2016-10-29 08:42:15'),
(617, 5, 55, 84, '58', 'Langadu', 'লংগদু ', '2018-04-02 09:27:38', '2016-10-29 08:43:13'),
(618, 5, 55, 84, '75', 'Naniarchar', 'নানিয়ারচর', '2018-04-02 09:29:12', '2016-10-29 08:44:21'),
(619, 5, 55, 84, '21', 'Barkal', 'বড়কল', '2018-04-02 09:29:21', '2016-10-29 08:45:44'),
(620, 5, 55, 84, '25', 'Kawkhali', 'কাউখালী', '2018-04-02 09:29:30', '2016-10-29 08:47:11'),
(621, 5, 55, 84, '47', 'Juraichhari', 'জুরাছড়ি', '2018-04-02 09:29:39', '2016-10-29 08:50:55'),
(622, 5, 55, 84, '29', 'Belaichhari', 'বিলাইছড়ি', '2018-04-02 09:29:46', '2016-10-29 08:52:06'),
(623, 5, 55, 84, '877', 'Chandraghona', 'চন্দ্রঘোনা', '2016-10-29 08:52:57', '2016-10-29 08:52:57'),
(624, 5, 55, 84, '78', 'Rajasthali', 'রাজস্থলী ', '2018-04-02 09:31:01', '2016-10-29 08:55:24'),
(625, 5, 12, 22, '879', 'Sadar', 'সদর', '2016-10-29 08:57:37', '2016-10-29 08:57:37'),
(626, 4, 27, 47, '69', 'Phultala', 'ফুলতলা', '2018-04-02 11:33:58', '2016-10-29 09:14:58'),
(627, 4, 27, 47, '94', 'Terokhada', 'তেরখাদা ', '2018-04-02 11:34:15', '2016-10-29 09:16:24'),
(628, 4, 27, 47, '75', 'Rupsha', 'রূপসা ', '2018-04-02 11:34:28', '2016-10-29 09:17:10'),
(629, 4, 27, 47, '64', 'Paikgachha', 'পাইকগাছা', '2018-04-02 11:34:53', '2016-10-29 09:18:14'),
(630, 4, 27, 47, '884', 'Kotwali', 'কোতোয়ালি', '2016-10-29 09:19:27', '2016-10-29 09:19:27'),
(631, 4, 36, 57, '60', 'Mujibnagar', 'মুজিবনগর', '2018-04-02 11:38:01', '2016-10-29 09:21:30'),
(632, 4, 10, 18, '23', 'Sadar', 'সদর', '2018-04-02 11:32:46', '2016-10-29 09:23:11'),
(634, 4, 34, 55, '85', 'Salikha', 'শালিখা', '2018-04-02 11:36:57', '2016-10-29 09:27:35'),
(635, 4, 34, 55, '95', 'Sreepur', 'শ্রীপুর', '2018-04-02 11:37:24', '2016-10-29 09:28:16'),
(636, 4, 58, 87, '4', 'Assasuni', 'আশাশুনি', '2018-04-02 11:39:13', '2016-10-29 09:31:06'),
(637, 4, 58, 87, '86', 'Shyamnagar', 'শ্যামনগর ', '2018-04-02 11:39:43', '2016-10-29 09:31:54'),
(638, 8, 43, 68, '63', 'Palash', 'পলাশ ', '2018-04-02 10:24:06', '2016-11-03 10:30:53'),
(639, 1, 62, 91, '31', 'Dakshin Surma', 'দক্ষিন সুরমা', '2018-04-02 12:28:55', '2016-11-08 07:13:36'),
(640, 6, 51, 78, '97', 'Rangabali', 'রাঙ্গাবালী', '2018-04-02 09:00:22', '2016-11-09 08:32:11'),
(641, 3, 44, 69, '531', 'Naldanga', 'নলডাঙ্গা', '2016-11-16 11:30:28', '2016-11-16 11:30:28'),
(642, 1, 61, 90, '29', 'Derai', 'দিরাই', '2018-04-02 12:26:14', '2016-11-28 06:34:25'),
(643, 8, 54, 82, '47', 'Kalukhali', 'কালুখালী', '2018-04-02 10:38:51', '2016-11-28 09:50:00'),
(644, 12, 39, 61, '496', 'Tara Khanda', 'তারাকান্দা', '2017-02-28 08:40:49', '2017-02-28 08:40:49'),
(645, 4, 27, 47, '40', 'Dighalia', 'দিঘালিয়া', '2018-04-02 11:35:46', '2017-03-04 05:09:36');

DROP TABLE IF EXISTS `tbl_unions`;
CREATE TABLE IF NOT EXISTS `tbl_unions` (
  `id` INTEGER NOT NULL PRIMARY KEY AUTOINCREMENT,
  `division_id` int(11) NOT NULL,
  `unit_id` int(11) NOT NULL,
  `thana_id` int(11) NOT NULL,
  `union_name_eng` varchar(255) DEFAULT NULL,
  `union_name_bng` varchar(255) DEFAULT NULL,
  `code` varchar(20) DEFAULT NULL,
  `created_at` timestamp NOT NULL DEFAULT CURRENT_TIMESTAMP,
  `updated_at` timestamp NOT NULL DEFAULT '0000-00-00 00:00:00',
  `action_user_id` int(11) DEFAULT NULL
);

DROP TABLE IF EXISTS `tbl_units`;
CREATE TABLE IF NOT EXISTS `tbl_units` (
  `id` INTEGER NOT NULL PRIMARY KEY AUTOINCREMENT,
  `division_id` int(4) NOT NULL,
  `division_code` int(11) NOT NULL,
  `unit_code` varchar(100) NOT NULL,
  `unit_name_eng` varchar(50) DEFAULT NULL,
  `unit_name_bng` varchar(100) DEFAULT NULL,
  `updated_at` timestamp NOT NULL DEFAULT CURRENT_TIMESTAMP,
  `created_at` timestamp NOT NULL DEFAULT '0000-00-00 00:00:00'
);


INSERT INTO `tbl_units` (`id`, `division_id`, `division_code`, `unit_code`, `unit_name_eng`, `unit_name_bng`, `updated_at`, `created_at`) VALUES
(0, 0, 0, '0', 'na', 'na', '2016-02-17 10:48:01', '0000-00-00 00:00:00'),
(1, 4, 40, '1', 'BAGERHAT', 'বাগেরহাট', '2015-12-08 10:08:58', '0000-00-00 00:00:00'),
(2, 5, 20, '3', 'BANDARBAN', 'বান্দরবান', '2015-12-08 10:08:58', '0000-00-00 00:00:00'),
(3, 6, 10, '4', 'BARGUNA', 'বরগুনা', '2015-12-08 10:08:58', '0000-00-00 00:00:00'),
(4, 6, 10, '6', 'BARISAL', 'বরিশাল', '2015-12-08 10:08:58', '0000-00-00 00:00:00'),
(5, 6, 10, '9', 'BHOLA', 'ভোলা', '2015-12-08 10:08:58', '0000-00-00 00:00:00'),
(6, 3, 50, '10', 'BOGRA', 'বগুড়া', '2015-12-08 10:08:58', '0000-00-00 00:00:00'),
(7, 11, 25, '12', 'BRAHMANBARIA', 'বি-বাড়ীয়া', '2016-11-15 10:39:36', '0000-00-00 00:00:00'),
(8, 11, 25, '13', 'CHANDPUR', 'চাঁদপুর', '2016-11-15 10:40:11', '0000-00-00 00:00:00'),
(9, 5, 20, '15', 'CHITTAGONG', 'চট্টগ্রাম', '2015-12-08 10:08:58', '0000-00-00 00:00:00'),
(10, 4, 40, '18', 'CHUADANGA', 'চুয়াডাংগা', '2015-12-08 10:08:58', '0000-00-00 00:00:00'),
(11, 11, 25, '19', 'COMILLA', 'কুমিল্লা', '2016-11-15 10:40:33', '0000-00-00 00:00:00'),
(12, 5, 20, '22', 'COXS BAZAR', 'কক্সবাজার', '2015-12-08 10:08:59', '0000-00-00 00:00:00'),
(13, 8, 30, '26', 'DHAKA', 'ঢাকা', '2015-12-08 10:08:59', '0000-00-00 00:00:00'),
(14, 2, 55, '27', 'DINAJPUR', 'দিনাজপুর', '2015-12-08 10:08:59', '0000-00-00 00:00:00'),
(15, 8, 30, '29', 'FARIDPUR', 'ফরিদপুর', '2015-12-08 10:08:59', '0000-00-00 00:00:00'),
(16, 11, 25, '30', 'FENI', 'ফেনী', '2016-11-15 10:40:56', '0000-00-00 00:00:00'),
(17, 2, 55, '32', 'GAIBANDHA', 'গাইবান্ধা', '2015-12-08 10:08:59', '0000-00-00 00:00:00'),
(18, 8, 30, '33', 'GAZIPUR', 'গাজীপুর', '2015-12-08 10:08:59', '0000-00-00 00:00:00'),
(19, 8, 30, '35', 'GOPALGANJ', 'গোপালগঞ্জ', '2015-12-08 10:08:59', '0000-00-00 00:00:00'),
(20, 1, 60, '36', 'HABIGANJ', 'হবিগঞ্জ', '2016-10-23 15:51:54', '0000-00-00 00:00:00'),
(21, 3, 50, '38', 'JOYPURHAT', 'জয়পুরহাট', '2016-10-24 05:58:31', '0000-00-00 00:00:00'),
(22, 12, 12, '39', 'JAMALPUR', 'জামালপুর', '2016-11-22 06:30:30', '0000-00-00 00:00:00'),
(23, 4, 40, '41', 'JESSORE', 'যশোর', '2015-12-08 10:08:59', '0000-00-00 00:00:00'),
(24, 6, 10, '42', 'JHALOKATI', 'ঝালকাঠি', '2016-10-20 10:53:46', '0000-00-00 00:00:00'),
(25, 4, 40, '44', 'JHENAIDAH', 'ঝিনাইদহ', '2015-12-08 10:08:59', '0000-00-00 00:00:00'),
(26, 5, 20, '46', 'KHAGRACHHARI', 'খাগড়াছড়ি', '2015-12-08 10:08:59', '0000-00-00 00:00:00'),
(27, 4, 40, '47', 'KHULNA', 'খুলনা', '2015-12-08 10:08:59', '0000-00-00 00:00:00'),
(28, 8, 30, '48', 'KISHOREGONJ', 'কিশোরগঞ্জ', '2016-11-30 05:02:24', '0000-00-00 00:00:00'),
(29, 2, 55, '49', 'KURIGRAM', 'কুড়িগ্রাম', '2015-12-08 10:09:00', '0000-00-00 00:00:00'),
(30, 4, 40, '50', 'KUSHTIA', 'কুষ্টিয়া', '2015-12-08 10:09:00', '0000-00-00 00:00:00'),
(31, 11, 25, '51', 'LAKSHMIPUR', 'লক্ষ্মীপুর', '2016-11-15 10:41:40', '0000-00-00 00:00:00'),
(32, 2, 55, '52', 'LALMONIRHAT', 'লালমনিরহাট', '2015-12-08 10:09:00', '0000-00-00 00:00:00'),
(33, 8, 30, '54', 'MADARIPUR', 'মাদারীপুর', '2016-10-20 10:59:43', '0000-00-00 00:00:00'),
(34, 4, 40, '55', 'MAGURA', 'মাগুড়া', '2015-12-08 10:09:00', '0000-00-00 00:00:00'),
(35, 8, 30, '56', 'MANIKGANJ', 'মানিকগঞ্জ', '2015-12-08 10:09:00', '0000-00-00 00:00:00'),
(36, 4, 40, '57', 'MEHERPUR', 'মেহেরপুর', '2015-12-08 10:09:00', '0000-00-00 00:00:00'),
(37, 1, 60, '58', 'MAULVIBAZAR', 'মৌলভীবাজার', '2016-11-30 05:02:04', '0000-00-00 00:00:00'),
(38, 8, 30, '59', 'MUNSHIGANJ', 'মুন্সীগঞ্জ', '2016-10-19 07:52:29', '0000-00-00 00:00:00'),
(39, 12, 12, '61', 'MYMENSINGH', 'ময়মনসিংহ', '2016-11-22 06:30:53', '0000-00-00 00:00:00'),
(40, 3, 50, '64', 'NAOGAON', 'নওগাঁ', '2016-10-27 11:16:23', '0000-00-00 00:00:00'),
(41, 4, 40, '65', 'NARAIL', 'নড়াইল', '2015-12-08 10:09:00', '0000-00-00 00:00:00'),
(42, 8, 30, '67', 'NARAYANGANJ', 'নারায়নগঞ্জ', '2015-12-08 10:09:00', '0000-00-00 00:00:00'),
(43, 8, 30, '68', 'NARSINGDI', 'নরসিংদী', '2015-12-08 10:09:00', '0000-00-00 00:00:00'),
(44, 3, 50, '69', 'NATORE', 'নাটোর', '2015-12-08 10:09:00', '0000-00-00 00:00:00'),
(45, 3, 50, '70', 'CHAPAI NABABGANJ', 'চাপাইনবাবগঞ্জ', '2015-12-08 10:09:00', '0000-00-00 00:00:00'),
(46, 12, 12, '72', 'NETRAKONA', 'নেত্রকোনা', '2016-11-22 06:31:25', '0000-00-00 00:00:00'),
(47, 2, 55, '73', 'NILPHAMARI', 'নীলফামারী', '2015-12-08 10:09:01', '0000-00-00 00:00:00'),
(48, 11, 25, '75', 'NOAKHALI', 'নোয়াখালী', '2016-11-15 10:42:04', '0000-00-00 00:00:00'),
(49, 3, 50, '76', 'PABNA', 'পাবনা', '2015-12-08 10:09:01', '0000-00-00 00:00:00'),
(50, 2, 55, '77', 'PANCHAGARH', 'পঞ্চগড়', '2016-10-20 10:56:29', '0000-00-00 00:00:00'),
(51, 6, 10, '78', 'PATUAKHALI', 'পটুয়াখালী', '2015-12-08 10:09:01', '0000-00-00 00:00:00'),
(52, 6, 10, '79', 'PIROJPUR', 'পিরোজপুর', '2015-12-08 10:09:01', '0000-00-00 00:00:00'),
(53, 3, 50, '81', 'RAJSHAHI', 'রাজশাহী', '2015-12-08 10:09:01', '0000-00-00 00:00:00'),
(54, 8, 30, '82', 'RAJBARI', 'রাজবাড়ী', '2015-12-08 10:09:01', '0000-00-00 00:00:00'),
(55, 5, 20, '84', 'RANGAMATI', 'রাঙামাটি ', '2016-10-27 12:03:50', '0000-00-00 00:00:00'),
(56, 2, 55, '85', 'RANGPUR', 'রংপুর', '2015-12-08 10:09:01', '0000-00-00 00:00:00'),
(57, 8, 30, '86', 'SHARIATPUR', 'শরীয়তপুর', '2016-10-24 05:37:33', '0000-00-00 00:00:00'),
(58, 4, 40, '87', 'SATKHIRA', 'সাতক্ষীরা', '2015-12-08 10:09:01', '0000-00-00 00:00:00'),
(59, 3, 50, '88', 'SIRAJGANJ', 'সিরাজগঞ্জ', '2016-10-20 10:54:47', '0000-00-00 00:00:00'),
(60, 12, 12, '89', 'SHERPUR', 'শেরপুর', '2016-11-22 06:31:45', '0000-00-00 00:00:00'),
(61, 1, 60, '90', 'SUNAMGANJ', 'সুনামগঞ্জ', '2015-12-08 10:09:01', '0000-00-00 00:00:00'),
(62, 1, 60, '91', 'SYLHET', 'সিলেট', '2015-12-08 10:09:01', '0000-00-00 00:00:00'),
(63, 8, 30, '93', 'TANGAIL', 'টাংগাইল', '2015-12-08 10:09:01', '0000-00-00 00:00:00'),
(64, 2, 55, '94', 'THAKURGAON', 'ঠাকুরগাঁও', '2016-10-20 10:57:12', '0000-00-00 00:00:00'),
(65, 8, 30, '104', 'DHAKAADMIN', 'ঢাকা(প্রশাসনিক)', '2016-10-29 10:49:28', '0000-00-00 00:00:00'),
(66, 9, 0, '105', 'DHAKANORTH', 'ঢাকা(উত্তর)', '2016-10-29 10:48:13', '0000-00-00 00:00:00'),
(67, 9, 0, '106', 'DHAKASOUTH', 'ঢাকা(দক্ষিণ)', '2016-10-29 10:49:52', '0000-00-00 00:00:00'),
(68, 9, 0, '107', 'DHAKAEAST', 'ঢাকা(পূর্ব)', '2016-10-29 10:50:08', '0000-00-00 00:00:00'),
(69, 9, 0, '108', 'DHAKAWEST', 'ঢাকা(পশ্বিম)', '2016-10-29 10:50:21', '0000-00-00 00:00:00'),
(70, 10, 0, '101', 'CHITTAGONGNORTH', 'চট্টগ্রাম মহানগর(উত্তর)জোন,চট্টগ্রাম', '2016-10-29 10:50:50', '0000-00-00 00:00:00'),
(71, 10, 0, '103', 'CHITTAGONGSOUTH', 'চট্টগ্রাম মহানগর(দক্ষিন)জোন,চট্টগ্রাম', '2016-10-29 10:51:02', '0000-00-00 00:00:00'),
(72, 5, 20, '102', 'CHITTAGONGADMIN', 'জেলা কমান্ড্যান্ট চট্টগ্রাম', '2015-12-08 10:09:02', '0000-00-00 00:00:00'),
(73, 8, 30, '109', 'HQ', 'HQ', '2015-12-31 06:52:54', '0000-00-00 00:00:00');



